,mean_fit_time,std_fit_time,mean_score_time,std_score_time,param_est__scale_pos_weight,param_est__num_leaves,param_est__n_estimators,param_est__learning_rate,param_est__boosting_type,params,split0_test_physionet_utility,split1_test_physionet_utility,split2_test_physionet_utility,split3_test_physionet_utility,split4_test_physionet_utility,mean_test_physionet_utility,std_test_physionet_utility,rank_test_physionet_utility,split0_test_roc_auc,split1_test_roc_auc,split2_test_roc_auc,split3_test_roc_auc,split4_test_roc_auc,mean_test_roc_auc,std_test_roc_auc,rank_test_roc_auc,split0_test_average_precision,split1_test_average_precision,split2_test_average_precision,split3_test_average_precision,split4_test_average_precision,mean_test_average_precision,std_test_average_precision,rank_test_average_precision,split0_test_balanced_accuracy,split1_test_balanced_accuracy,split2_test_balanced_accuracy,split3_test_balanced_accuracy,split4_test_balanced_accuracy,mean_test_balanced_accuracy,std_test_balanced_accuracy,rank_test_balanced_accuracy
0,30.413946628570557,3.695528467782462,6.3578267097473145,0.6935219589294681,1,100,50,0.01,dart,"{'est__scale_pos_weight': 1, 'est__num_leaves': 100, 'est__n_estimators': 50, 'est__learning_rate': 0.01, 'est__boosting_type': 'dart'}",0.0,0.0,0.0,0.0,0.0,0.0,0.0,62,0.7738145582449906,0.7786067305158992,0.8215858409324899,0.7785357256359782,0.8037450168393088,0.7912575744337332,0.018449325565338414,54,0.05657282267859568,0.060960834534109484,0.07862501677770492,0.06697969905105254,0.06731935615944991,0.06609154584018251,0.00743390230203481,55,0.5,0.5,0.5,0.5,0.5,0.5,0.0,72
1,41.147898244857785,2.523236211863059,5.662886238098144,0.21178788441737825,1,100,100,0.001,dart,"{'est__scale_pos_weight': 1, 'est__num_leaves': 100, 'est__n_estimators': 100, 'est__learning_rate': 0.001, 'est__boosting_type': 'dart'}",0.0,0.0,0.0,0.0,0.0,0.0,0.0,62,0.7354333289177951,0.7556895879285022,0.771552545758591,0.738836957650323,0.7736389527878769,0.7550302746086176,0.015912051006121735,68,0.04969160142655971,0.04897850419471638,0.06355545589850913,0.05514090215474356,0.05367474929651804,0.054208242594209366,0.005220633614324125,67,0.5,0.5,0.5,0.5,0.5,0.5,0.0,72
2,40.16344857215881,4.038078519795535,5.8458105564117435,0.2600155980590112,20,100,50,0.01,gbdt,"{'est__scale_pos_weight': 20, 'est__num_leaves': 100, 'est__n_estimators': 50, 'est__learning_rate': 0.01, 'est__boosting_type': 'gbdt'}",0.0,0.0,0.0,0.0,0.0,0.0,0.0,62,0.8086938725836716,0.8044472044364046,0.8401604286418393,0.7890905691026775,0.832039612317474,0.8148863374164135,0.018685600381456825,18,0.07456928747465857,0.07037165192089062,0.09537932278161688,0.07388282879422214,0.089101343427614,0.08066088687980044,0.00976515921933952,17,0.5,0.5,0.5,0.5,0.5,0.5,0.0,72
3,166.40571942329407,4.856793051691047,7.204927968978882,0.6223371816439472,50,100,300,0.001,gbdt,"{'est__scale_pos_weight': 50, 'est__num_leaves': 100, 'est__n_estimators': 300, 'est__learning_rate': 0.001, 'est__boosting_type': 'gbdt'}",0.0,0.0,0.0,0.0,0.0,0.0,0.0,62,0.8021573292171789,0.8078003271910618,0.8350027737969615,0.78851650713466,0.8362304732094543,0.8139414821098633,0.0187797046163739,22,0.06774464398704708,0.0729739602597275,0.07738319290389734,0.06725934287476128,0.09485161103401088,0.07604255021188881,0.010109345329700304,29,0.5,0.5,0.5,0.5,0.5,0.5,0.0,72
4,489.92056584358215,38.750700555119636,14.80125904083252,0.1852186127086783,10,100,1000,0.01,gbdt,"{'est__scale_pos_weight': 10, 'est__num_leaves': 100, 'est__n_estimators': 1000, 'est__learning_rate': 0.01, 'est__boosting_type': 'gbdt'}",0.004738469304057034,0.010820294171647657,0.0175385626553291,0.004500752530771194,0.022766576552407335,0.012072931042842464,0.007168381947903002,52,0.8014778776795703,0.7969811809972407,0.8199288624285722,0.767250664941928,0.8265283776382534,0.802433392737113,0.02076113539333834,38,0.06581453827534382,0.06378001246184276,0.0838584572140455,0.05792692585634192,0.07938718319789667,0.07015342340109412,0.009818592619576856,43,0.5025742805217013,0.5058208814499118,0.5087819267280987,0.5024875509644896,0.5119358817875664,0.5063201042903536,0.003648737062573794,60
5,27.14087333679199,3.010709352011135,6.82568678855896,0.7331942464016172,50,30,50,0.1,gbdt,"{'est__scale_pos_weight': 50, 'est__num_leaves': 30, 'est__n_estimators': 50, 'est__learning_rate': 0.1, 'est__boosting_type': 'gbdt'}",0.18547963068122153,0.2321038780880885,0.27532606239858787,0.21304867740139874,0.23749716243267333,0.22869108220039397,0.029583542631685483,5,0.7579336042070834,0.7774942827867277,0.7916614223242664,0.7478106251286025,0.7800412718842642,0.7709882412661889,0.015870045956235364,64,0.04597360371505738,0.052517336082542124,0.05591920349507187,0.05098103437008174,0.06095707491526538,0.05326965051560369,0.005003052361809161,70,0.661158720499313,0.6877756474360839,0.7072023651948778,0.6801849885397687,0.6912575013801643,0.6855158446100416,0.015033735581966372,6
6,29.297874927520752,2.2925309541769883,6.602115488052368,0.8476732032254864,50,30,50,0.1,dart,"{'est__scale_pos_weight': 50, 'est__num_leaves': 30, 'est__n_estimators': 50, 'est__learning_rate': 0.1, 'est__boosting_type': 'dart'}",0.19278608534713057,0.22593892164262883,0.2762647113192445,0.20521617219553537,0.24389665063871105,0.22882050822865008,0.029469273252291518,4,0.7690014636303554,0.7792182808184325,0.7983026700591556,0.7483820939863219,0.7865880007980303,0.7762985018584592,0.016918362280037683,62,0.04849327168450211,0.05095254451652664,0.05797954060588255,0.05114455926167996,0.06309205893584008,0.05433239500088627,0.005398415145542296,66,0.6738539573421968,0.6930954381655368,0.7179350953935182,0.6854599172015933,0.7052939090482654,0.695127663430222,0.015321209678834387,5
7,37.04768943786621,2.040256075570985,7.159893941879273,0.8526226467131536,20,50,50,0.01,dart,"{'est__scale_pos_weight': 20, 'est__num_leaves': 50, 'est__n_estimators': 50, 'est__learning_rate': 0.01, 'est__boosting_type': 'dart'}",0.0,0.0,0.0,0.0,0.0,0.0,0.0,62,0.8032424744822871,0.8053544577149185,0.8415480833477081,0.7916335915667524,0.8306317539199249,0.8144820722063182,0.01857458559104302,20,0.06955872814129468,0.06661263015734256,0.08968291389739166,0.08241605180078349,0.09656224736385935,0.08096651427213435,0.011467129071658033,15,0.5,0.5,0.5,0.5,0.5,0.5,0.0,72
8,721.1982445716858,65.88814736861711,11.412167024612426,0.9530533519912193,100,50,1000,0.01,dart,"{'est__scale_pos_weight': 100, 'est__num_leaves': 50, 'est__n_estimators': 1000, 'est__learning_rate': 0.01, 'est__boosting_type': 'dart'}",0.2366185037962479,0.21769109936964046,0.3242610963912359,0.20487392532421428,0.2670243721237458,0.25009379940101684,0.0425764907150322,2,0.8124143852466128,0.8097579417012464,0.8425414795646259,0.7962085147106489,0.840013731027541,0.820187210450135,0.0180940242814985,10,0.07950507159542897,0.06905657116145605,0.09062632516065458,0.07061860667949729,0.10227783897249942,0.08241688271390726,0.012554110202993721,10,0.730500477541325,0.718129704458137,0.7604556537802704,0.7112161813662938,0.7480432105313979,0.7336690455354848,0.01832910829386553,2
9,185.35134701728822,10.484786107585391,9.720564937591552,0.680438399249335,20,50,500,0.1,gbdt,"{'est__scale_pos_weight': 20, 'est__num_leaves': 50, 'est__n_estimators': 500, 'est__learning_rate': 0.1, 'est__boosting_type': 'gbdt'}",0.02063852608997439,0.03255268365327759,0.03217696715755804,0.00934375193287027,0.018542212683410487,0.022650828303418153,0.008795480940581805,47,0.6800345248511188,0.6974503113681341,0.7194672206057647,0.683213117441939,0.7160839478954675,0.6992498244324847,0.016258983837653142,80,0.037696334135982036,0.04279363361676069,0.04861617821593891,0.033701366257409264,0.04116277012789439,0.040794056470797056,0.005004437735572498,78,0.5121405644547935,0.5184330733625485,0.5171149025612605,0.5058919493850143,0.5094783691554574,0.5126117717838148,0.0046767937803390055,56
10,194.53187079429625,4.606317239138392,8.08052225112915,0.8383485476523818,100,30,500,0.001,gbdt,"{'est__scale_pos_weight': 100, 'est__num_leaves': 30, 'est__n_estimators': 500, 'est__learning_rate': 0.001, 'est__boosting_type': 'gbdt'}",0.0,0.0,0.0,0.0,0.0,0.0,0.0,62,0.7992113731662256,0.8069653971462895,0.8347324390729775,0.7900000136895162,0.8353663593406179,0.8132551164831254,0.01858908038586119,24,0.06715825033619674,0.06208936487996199,0.07882545073527637,0.07233850029154704,0.09253596909835168,0.07458950706826677,0.010550477534234833,31,0.5,0.5,0.5,0.5,0.5,0.5,0.0,72
11,57.99392032623291,22.15318937649105,7.015313148498535,0.5975598236700761,100,50,300,0.5,dart,"{'est__scale_pos_weight': 100, 'est__num_leaves': 50, 'est__n_estimators': 300, 'est__learning_rate': 0.5, 'est__boosting_type': 'dart'}",-0.02198035627904867,-1.1489871274403871,-0.5119415860496649,-0.14544461167350003,-0.6753534061126331,-0.5007414175110467,0.4015682419641376,100,0.49912677742461603,0.49237552003351487,0.49797101913239566,0.6122376588484084,0.5392746587791224,0.5281971268436114,0.04522701195215362,96,0.013289287385362922,0.013259682527466395,0.013425975392282831,0.02136647414857424,0.014606241959106026,0.015189532282558482,0.003128585049806285,97,0.49912677742461603,0.49237552003351487,0.4979807030151205,0.6385680034093214,0.5392758392192578,0.5334653686203661,0.05514889192626885,44
12,72.25764970779419,1.0692059731835417,6.769808626174926,0.9682321081466115,50,100,100,0.01,dart,"{'est__scale_pos_weight': 50, 'est__num_leaves': 100, 'est__n_estimators': 100, 'est__learning_rate': 0.01, 'est__boosting_type': 'dart'}",0.01249921130670696,0.008857789836594073,0.019691087970094712,0.0063253819351379624,0.04855438842685247,0.019185571895077237,0.015359283296756631,50,0.7970794772556786,0.8001700484099672,0.8330962252503472,0.7794790149192561,0.8334824191372892,0.8086614369945077,0.021311965002334458,28,0.07050267991519651,0.06759721318018452,0.08063031416074895,0.06318337932258966,0.08615930772314292,0.07361457886037252,0.008500509309641465,37,0.5061387358104359,0.5050543304001153,0.5098828828387414,0.5035780683629171,0.5252290927969501,0.509976622041832,0.007906281883251293,57
13,25.88259348869324,3.096793335542785,6.825121927261352,0.5260836072535019,1,100,50,0.001,dart,"{'est__scale_pos_weight': 1, 'est__num_leaves': 100, 'est__n_estimators': 50, 'est__learning_rate': 0.001, 'est__boosting_type': 'dart'}",0.0,0.0,0.0,0.0,0.0,0.0,0.0,62,0.7293762109445031,0.7482908255146506,0.7706715277447259,0.7369934405103116,0.7745957536541964,0.7519855516736775,0.01794426717400562,70,0.04929267175788132,0.049064608766019896,0.0643461445061306,0.05301180078373738,0.05338023278152354,0.05381909171905854,0.005563393604964265,68,0.5,0.5,0.5,0.5,0.5,0.5,0.0,72
14,36.84151606559753,2.236057801341769,6.585895919799805,0.6831927112417207,20,100,100,0.5,gbdt,"{'est__scale_pos_weight': 20, 'est__num_leaves': 100, 'est__n_estimators': 100, 'est__learning_rate': 0.5, 'est__boosting_type': 'gbdt'}",0.10531263802132658,0.07853689385748483,0.053681680941526054,0.04901758654104003,0.05303258559134988,0.06791627699054548,0.021413051235311224,38,0.5097227800260514,0.48579533343998976,0.4394965764244856,0.4546948433066374,0.4602754245176983,0.4699969915429724,0.02484619007321273,100,0.027021285175847058,0.024162538601844363,0.020551381797229804,0.02097481006971153,0.021633470358987557,0.02286869720072406,0.0024248940990163684,91,0.5992806864226978,0.5849242668543017,0.5753450976858782,0.5784534779690402,0.5774527890230032,0.5830912635909842,0.008703583741719827,26
15,119.18846740722657,9.352066189415375,7.674088621139527,0.6119488526176285,20,30,300,0.001,dart,"{'est__scale_pos_weight': 20, 'est__num_leaves': 30, 'est__n_estimators': 300, 'est__learning_rate': 0.001, 'est__boosting_type': 'dart'}",0.0,0.0,0.0,0.0,0.0,0.0,0.0,62,0.7772107016412323,0.7813784803127005,0.8248588751333116,0.7838338817213155,0.8070470802518344,0.7948658038120788,0.018238868692103033,50,0.058775193246821844,0.05589357812460122,0.08651780799005024,0.07731584904999807,0.06836515173333296,0.06937351602896087,0.01141978433173436,46,0.5,0.5,0.5,0.5,0.5,0.5,0.0,72
16,31.812239933013917,1.046305598496803,6.3574316024780275,0.6730026348980772,20,50,50,0.001,gbdt,"{'est__scale_pos_weight': 20, 'est__num_leaves': 50, 'est__n_estimators': 50, 'est__learning_rate': 0.001, 'est__boosting_type': 'gbdt'}",0.0,0.0,0.0,0.0,0.0,0.0,0.0,62,0.7939685145062705,0.7886904799220171,0.8358148230300104,0.7886286427013081,0.818898498510781,0.8052001917340774,0.018964370027749422,35,0.067464037025644,0.06441696852255083,0.0924281500098725,0.07343824980032401,0.0758533200003155,0.07472014507174136,0.009749946982162895,30,0.5,0.5,0.5,0.5,0.5,0.5,0.0,72
17,462.0088457107544,35.36251627120116,10.673411083221435,0.7074136042153091,10,30,1000,0.01,dart,"{'est__scale_pos_weight': 10, 'est__num_leaves': 30, 'est__n_estimators': 1000, 'est__learning_rate': 0.01, 'est__boosting_type': 'dart'}",0.08211664248007218,0.0625288153573106,0.08937909503563594,0.0802135950353588,0.09684049776090128,0.08221572913385575,0.011461157023580542,31,0.8144829360906389,0.8117961022687721,0.8437861867174742,0.7946351812355064,0.8382179329951335,0.820583667861505,0.018094686421328107,8,0.08209620905568082,0.0773779206289676,0.10603152256600226,0.07816946656836579,0.10342665223285344,0.08942035421037398,0.012628167562843236,2,0.5440374525640059,0.5339700515361029,0.5469710849817478,0.5424258775875028,0.5499492495247527,0.5434707432388224,0.005401841954977674,40
18,102.37607674598694,8.922529014606305,7.491316318511963,0.7032045620811658,20,30,300,0.01,gbdt,"{'est__scale_pos_weight': 20, 'est__num_leaves': 30, 'est__n_estimators': 300, 'est__learning_rate': 0.01, 'est__boosting_type': 'gbdt'}",0.16051696216375397,0.1777780044472551,0.21336085608067912,0.18471022410984922,0.2363435623336152,0.1945419218270305,0.026970051989161792,9,0.8218419506165683,0.8257229899365177,0.8488656352816911,0.8013535561888303,0.8451545847888178,0.8285877433624851,0.01721084901162271,1,0.08120984069508463,0.07757217104767812,0.09905282974020774,0.08209131416899315,0.10841391672750104,0.08966801447589293,0.011956087388932701,1,0.591018126588458,0.6020903775870445,0.6165589699697177,0.6053112348385974,0.6289878555579437,0.6087933129083523,0.012970246263917745,18
19,69.21623754501343,5.767700845025038,6.375955629348755,0.18911477199467178,100,100,100,0.01,dart,"{'est__scale_pos_weight': 100, 'est__num_leaves': 100, 'est__n_estimators': 100, 'est__learning_rate': 0.01, 'est__boosting_type': 'dart'}",0.06137716364859999,0.06310818254146376,0.06762996282375178,0.0655361524029444,0.11216748870132279,0.07396379002361655,0.019219429818966655,35,0.791694333760518,0.7952238423936102,0.8249226369891162,0.7839282130189827,0.8209008260323947,0.8033339704389244,0.016446906571240212,37,0.06181438236590338,0.06109062604262737,0.07546123985936064,0.06681171843039811,0.08542103342222557,0.07011980002410302,0.00920986505995607,44,0.5344515608633502,0.5367036231913132,0.5372504990810053,0.5360021141878357,0.5604923096622675,0.5409800213971543,0.009801292453431556,41
20,30.789851903915405,2.4690605435537023,6.307361030578614,0.47185061199930406,1,30,100,0.001,dart,"{'est__scale_pos_weight': 1, 'est__num_leaves': 30, 'est__n_estimators': 100, 'est__learning_rate': 0.001, 'est__boosting_type': 'dart'}",0.0,0.0,0.0,0.0,0.0,0.0,0.0,62,0.7341809241468951,0.7309041769812428,0.7638349402355553,0.7370558989284056,0.7500038133233908,0.743195950723098,0.012185019681657482,72,0.05042566628637442,0.04680541741646323,0.07399003346816443,0.05428056987794147,0.04786271280653117,0.05467287997109495,0.009996204223404463,65,0.5,0.5,0.5,0.5,0.5,0.5,0.0,72
21,312.12930660247804,53.03651675401239,9.824609661102295,0.7690465865549108,20,30,1000,0.5,dart,"{'est__scale_pos_weight': 20, 'est__num_leaves': 30, 'est__n_estimators': 1000, 'est__learning_rate': 0.5, 'est__boosting_type': 'dart'}",-0.3286432372179131,0.1069054856280225,-0.019906751288841288,-0.32068944189019116,-0.00045813814309586195,-0.11255841658240377,0.17850847670966177,94,0.5764708075788378,0.5537726638571566,0.5005238014266492,0.5597568578684918,0.5000102119955344,0.5381068685453341,0.031779783425731914,91,0.016070510740016447,0.02576644874820183,0.013494057833581156,0.016776961404872975,0.01343972286211357,0.017109540317757195,0.00453147941672362,95,0.5764765082310959,0.6078941238009932,0.500527958039001,0.5850592382226458,0.5000102119955344,0.553993608057854,0.04505241959644724,34
22,636.9496151447296,33.26339279059842,11.690603971481323,0.29154456691460584,20,50,1000,0.01,dart,"{'est__scale_pos_weight': 20, 'est__num_leaves': 50, 'est__n_estimators': 1000, 'est__learning_rate': 0.01, 'est__boosting_type': 'dart'}",0.15818453319872972,0.1655154123911137,0.21365251504508379,0.17918066923695447,0.21009142126008643,0.18532491022639358,0.022727081777350635,12,0.8196815110718402,0.8181435265335367,0.8497879305830928,0.7972294472447111,0.8398836132504601,0.8249452057367282,0.01834366150546077,2,0.08453067272813873,0.07736005276650529,0.10662616902764946,0.07584897778875574,0.10181740038967582,0.089236654540145,0.012673596202703152,3,0.5901989444739029,0.594879912087045,0.616461556096288,0.6020312109388081,0.6170800983507863,0.6041303443893661,0.010989228111654535,20
23,137.90388102531432,10.568227216841752,8.342774868011475,0.3648563514510672,20,50,300,0.01,dart,"{'est__scale_pos_weight': 20, 'est__num_leaves': 50, 'est__n_estimators': 300, 'est__learning_rate': 0.01, 'est__boosting_type': 'dart'}",0.14046943024796554,0.1475550296823684,0.21229075523240304,0.16278374533534018,0.19621520110613522,0.17186283232084248,0.027879381627678265,14,0.8070003347612489,0.8052893333699442,0.8444372256455326,0.7927811284331463,0.8299084768583928,0.8158832998136528,0.018638035235376816,17,0.07652153518437192,0.07107800509227362,0.10122963132107649,0.07253694662759189,0.08557344971750352,0.08138791358856348,0.011131288724871402,12,0.5781600712578302,0.5865415719213498,0.6159898317971014,0.5920062965456717,0.6083899647947858,0.5962175472633477,0.013975282146413333,22
24,848.507489490509,51.86060738317615,11.627729845046996,1.161081834006746,100,100,1000,0.001,dart,"{'est__scale_pos_weight': 100, 'est__num_leaves': 100, 'est__n_estimators': 1000, 'est__learning_rate': 0.001, 'est__boosting_type': 'dart'}",0.16786758365406876,0.20147085823864194,0.23212972662106945,0.22736119415293948,0.22577336607714085,0.2109205457487721,0.024014931538928662,6,0.7916245640212209,0.7702308835128271,0.8169209639040677,0.7704792873406303,0.798146944547169,0.789480528665183,0.017687719741744042,59,0.05431361805627774,0.05893574642613247,0.0746245209290255,0.060039200951290936,0.0704202911970857,0.06366667551196246,0.0075987584048896155,57,0.6089897019843266,0.6353288067890975,0.6373596533493481,0.6412326861842664,0.6481850418661184,0.6342191780346313,0.013355560430566895,10
25,237.2652241706848,30.282476271125546,8.009872722625733,0.8574732872526925,100,100,300,0.01,dart,"{'est__scale_pos_weight': 100, 'est__num_leaves': 100, 'est__n_estimators': 300, 'est__learning_rate': 0.01, 'est__boosting_type': 'dart'}",0.24316360653669059,0.20087109080153187,0.33955676053155825,0.2648640290291324,0.27427409868543384,0.2645459171168694,0.04523947845331173,1,0.7961483680286837,0.7959661037240133,0.8318992810657108,0.7873989397785541,0.8223855054669483,0.8067596396127821,0.017205263472315182,30,0.06341138288162704,0.06635579252091153,0.08077308193499083,0.06587875482856184,0.08277255746347,0.07183831392591225,0.008197259463148867,42,0.7010232660036957,0.6876940774439109,0.7399391640001722,0.7055241699993618,0.7189100615424973,0.7106181477979275,0.017731334934139326,4
26,158.72214818000793,10.998351285725654,8.048754596710205,0.8240404037493189,100,50,300,0.1,dart,"{'est__scale_pos_weight': 100, 'est__num_leaves': 50, 'est__n_estimators': 300, 'est__learning_rate': 0.1, 'est__boosting_type': 'dart'}",0.19372410457022507,0.1794651053673151,0.2391048945303717,0.18010638517206082,0.21569432692904028,0.20161896331380258,0.02288765665101276,7,0.7991645325376866,0.7842529605508419,0.8150791382493416,0.7679190661054105,0.8177842396062562,0.7968399874099074,0.01882330878305256,45,0.07131514552148809,0.0737948784606228,0.07593088990159375,0.05973672063764193,0.09032597154768626,0.07422072121380656,0.00980524094657738,33,0.6451144527328615,0.6388807844795218,0.6636566465105891,0.6407514601975207,0.6568940862315374,0.6490594860304061,0.009619257774032094,7
27,29.336263847351074,2.159147130160791,7.216365003585816,0.6971889668704313,10,50,50,0.001,gbdt,"{'est__scale_pos_weight': 10, 'est__num_leaves': 50, 'est__n_estimators': 50, 'est__learning_rate': 0.001, 'est__boosting_type': 'gbdt'}",0.0,0.0,0.0,0.0,0.0,0.0,0.0,62,0.7822138664452697,0.7783446371559454,0.8303206532604444,0.7886643223194506,0.811503957421593,0.7982094873205406,0.019745643810385446,43,0.06735201977440694,0.06508008350412847,0.09752407705872163,0.06569145803578694,0.07342382736331328,0.07381429314727145,0.012217480608869201,36,0.5,0.5,0.5,0.5,0.5,0.5,0.0,72
28,186.44226546287535,5.788199999039043,8.866133546829223,0.8813610568019561,50,30,500,0.001,gbdt,"{'est__scale_pos_weight': 50, 'est__num_leaves': 30, 'est__n_estimators': 500, 'est__learning_rate': 0.001, 'est__boosting_type': 'gbdt'}",0.0,0.0,0.0,0.0,0.0,0.0,0.0,62,0.8077831570498584,0.8093450373681883,0.8390793103115617,0.7907237731508148,0.8358924949771084,0.8165647545715062,0.018316461785350513,13,0.0726534338063976,0.06873326119280401,0.08496104054462758,0.07913295739026249,0.09643921245876276,0.08038398107857089,0.00975485133951241,20,0.5,0.5,0.5,0.5,0.5,0.5,0.0,72
29,47.268780612945555,4.200600781435722,7.540239429473877,0.8814334122283265,10,50,100,0.01,gbdt,"{'est__scale_pos_weight': 10, 'est__num_leaves': 50, 'est__n_estimators': 100, 'est__learning_rate': 0.01, 'est__boosting_type': 'gbdt'}",-3.785727806175902e-05,0.0005936473612272404,0.0016287715406576744,-3.7111106529543654e-05,0.0020306663639927456,0.0008356233762572714,0.0008532758142584427,60,0.8157193639626705,0.81525627845494,0.8440494449599116,0.793304275930945,0.8350731057931365,0.8206804938203207,0.01764509781489298,7,0.08098478860445749,0.07746955402630071,0.09838430328668707,0.07919606459160372,0.09738943373037978,0.08668482884788575,0.009219106320405344,5,0.49999147862840004,0.500305184821491,0.5005945504874242,0.49999152829549304,0.5009170329737017,0.500359955041302,0.0003577383840122913,70
30,22.967093467712402,1.1686058845937162,7.369539022445679,0.8753030124558725,1,30,50,0.01,gbdt,"{'est__scale_pos_weight': 1, 'est__num_leaves': 30, 'est__n_estimators': 50, 'est__learning_rate': 0.01, 'est__boosting_type': 'gbdt'}",0.0,0.0,0.0,0.0,0.0,0.0,0.0,62,0.7718554421602457,0.7899633745824436,0.8136079653065346,0.7698211901707588,0.809363304498869,0.7909222553437703,0.0182451719596225,55,0.058502592690186137,0.062036762264088885,0.10154033631229624,0.0737455291140739,0.07628067732385624,0.07442117954090029,0.01514026484646523,32,0.5,0.5,0.5,0.5,0.5,0.5,0.0,72
31,135.829670381546,13.613896713981024,10.338579511642456,0.947181961169223,1,100,500,0.5,gbdt,"{'est__scale_pos_weight': 1, 'est__num_leaves': 100, 'est__n_estimators': 500, 'est__learning_rate': 0.5, 'est__boosting_type': 'gbdt'}",-0.00067301827665182,0.00813154083110687,-0.007765933411381877,-0.022406861431251156,-0.0030336174340126767,-0.005149577944438132,0.010055487462522153,91,0.5031838196691301,0.4742312250264384,0.49998270135049044,0.4786346060652139,0.5032490571610734,0.4918562818544693,0.012724798425296575,99,0.013511317638976728,0.015486302725715759,0.01347928349819264,0.013411726851443415,0.013604552941131328,0.013898636731091974,0.0007962566206898157,100,0.5031838196691301,0.5133584314388282,0.5000037469904144,0.5004207025291276,0.5032782803166419,0.5040489961888284,0.0048484363252106425,62
32,45.5865939617157,5.762492319695115,6.904495906829834,0.8917876958763695,50,100,50,0.1,gbdt,"{'est__scale_pos_weight': 50, 'est__num_leaves': 100, 'est__n_estimators': 50, 'est__learning_rate': 0.1, 'est__boosting_type': 'gbdt'}",0.12647485645782233,0.10856606621922289,0.1666173721938108,0.1386574026348894,0.1872134056999006,0.1455058206411292,0.028138387104030785,16,0.7257149899097917,0.7273664298953196,0.7436428605267394,0.7118310486232664,0.7470077638313544,0.7311126185572944,0.012842195067235006,74,0.03956002053735985,0.04096437563646917,0.04565310332813221,0.04344299183955235,0.04645911752223917,0.043215921772750555,0.002643664398722569,77,0.5932474234451388,0.5831561508141494,0.6133937372345327,0.6026959369936853,0.6231730285770349,0.6031332554129082,0.014169513929038317,21
33,52.817933177948,3.9360939372653214,7.091570091247559,0.9450408631022701,100,50,100,0.1,gbdt,"{'est__scale_pos_weight': 100, 'est__num_leaves': 50, 'est__n_estimators': 100, 'est__learning_rate': 0.1, 'est__boosting_type': 'gbdt'}",0.09761078511789271,0.14982965788776403,0.15535153120956904,0.11286312186875978,0.15264667643478505,0.13366035450375413,0.023767752428262533,17,0.7516095110694285,0.7524411102688376,0.7657222785636191,0.7207992534580244,0.7704973816992737,0.7522139070118367,0.017343926443042796,69,0.047641637940897694,0.0498827511516617,0.051438062429712994,0.04106933302083644,0.05007622333049969,0.0480216015747217,0.0036833670327329196,73,0.6114160346999296,0.6351383026687838,0.6360070528285053,0.6238662474234751,0.6406577448349828,0.6294170764911353,0.010558049543607957,11
34,100.00531177520752,3.3680287052283604,6.767802906036377,0.4881797784443844,1,100,300,0.001,dart,"{'est__scale_pos_weight': 1, 'est__num_leaves': 100, 'est__n_estimators': 300, 'est__learning_rate': 0.001, 'est__boosting_type': 'dart'}",0.0,0.0,0.0,0.0,0.0,0.0,0.0,62,0.7352176273254408,0.761955659003622,0.7739139689635444,0.7527972157208719,0.7760883871954347,0.7599945716417829,0.014982024472174508,67,0.049914612465654276,0.05070587747439236,0.06350726990715656,0.0613783287171078,0.05458826886614181,0.05601887148609056,0.005519717386548875,62,0.5,0.5,0.5,0.5,0.5,0.5,0.0,72
35,29.356356382369995,1.921658458327064,6.997144937515259,0.7926828271854236,50,30,50,0.01,gbdt,"{'est__scale_pos_weight': 50, 'est__num_leaves': 30, 'est__n_estimators': 50, 'est__learning_rate': 0.01, 'est__boosting_type': 'gbdt'}",0.0,0.0,0.0,0.0,0.0,0.0,0.0,62,0.8096221933896377,0.8081072516569355,0.835761236078099,0.7883146341561014,0.8320382839922209,0.8147687198545988,0.017375869050173205,19,0.06735846073075014,0.06253069595777629,0.08486413602883816,0.07675843382493272,0.09287720779257846,0.07687778686697515,0.011101658215627981,28,0.5,0.5,0.5,0.5,0.5,0.5,0.0,72
36,56.605910015106204,2.8944747645088276,6.982093763351441,1.0190620857523118,1,30,300,0.5,gbdt,"{'est__scale_pos_weight': 1, 'est__num_leaves': 30, 'est__n_estimators': 300, 'est__learning_rate': 0.5, 'est__boosting_type': 'gbdt'}",0.018348160767241457,0.021189742752811044,0.02865857415737277,0.02029565181535196,0.02568462760798274,0.022835351420151993,0.0037768049927429702,46,0.6201616104231737,0.6809595901402014,0.6480943423810994,0.6291698424589404,0.6215993328648826,0.6399969436536594,0.0227712315025471,83,0.03360457974581256,0.038498213600838896,0.03830172992333363,0.03427739165947139,0.035048249412741664,0.03594603286843963,0.0020560017727773655,81,0.5148963157400402,0.5157395709938738,0.5194137402605886,0.517105482356425,0.5187594674863953,0.5171829153674645,0.0017192947970373724,51
37,218.7173517227173,19.557358125382205,8.925316333770752,0.6250403642776606,10,50,500,0.01,dart,"{'est__scale_pos_weight': 10, 'est__num_leaves': 50, 'est__n_estimators': 500, 'est__learning_rate': 0.01, 'est__boosting_type': 'dart'}",0.0771762676930193,0.0487239641771558,0.10288167272577915,0.06524338700698913,0.08372371380811848,0.07554980108221238,0.0181236704183996,34,0.8082978333602558,0.8048779022492463,0.8404920806189118,0.7901247357133574,0.8361414410870215,0.8159867986057586,0.019277409172129396,15,0.08222213078092447,0.07344019414092193,0.11093708855580992,0.07099719901233224,0.09511079446795964,0.08654148139158964,0.014835794603055513,6,0.541083405785627,0.52652320336633,0.5532173022478808,0.536419928755545,0.5437624993953876,0.540201267910154,0.008766591838004564,42
38,440.651292514801,24.728626808595624,11.43635697364807,0.9127813872660742,100,50,1000,0.001,gbdt,"{'est__scale_pos_weight': 100, 'est__num_leaves': 50, 'est__n_estimators': 1000, 'est__learning_rate': 0.001, 'est__boosting_type': 'gbdt'}",0.1562748438387281,0.16751055713090843,0.22062973689075127,0.18905840875822116,0.21646614524217328,0.18998793837215647,0.025622976764197534,10,0.8031070907199754,0.8087764949406754,0.8346572183060526,0.7890722067226478,0.8338847221141986,0.8138995465607101,0.017829232976219297,23,0.07571530204303614,0.06603294243476067,0.08676597192563637,0.07520286034395013,0.10015631022137594,0.08077467739375185,0.011709009138348632,16,0.5926658384876775,0.601334776370961,0.6239464123338762,0.6091684403365599,0.6217648717684447,0.6097760678595039,0.011907263699499597,17
39,90.70765953063965,7.91021761771485,7.671558094024658,0.5049563734464486,1,30,300,0.01,gbdt,"{'est__scale_pos_weight': 1, 'est__num_leaves': 30, 'est__n_estimators': 300, 'est__learning_rate': 0.01, 'est__boosting_type': 'gbdt'}",-0.00028392958546280534,-9.180113833411536e-05,0.002466777579230594,0.0021029627033378817,0.0002311327568772464,0.0008850284631297603,0.0011604768557862747,59,0.8070535435405161,0.8158616015619646,0.8394634621669423,0.7930933652390326,0.8344191102684148,0.8179782165553741,0.01717558225866726,12,0.07165295742972046,0.07121606664093834,0.10164528374595207,0.07996376463729973,0.09656501629292949,0.08420861774936801,0.012658496548597893,8,0.4999360897130002,0.4999788944044845,0.5011933363606496,0.5009322560596644,0.5002604388961985,0.5004602030867994,0.0005111901827168134,69
40,175.69908380508423,20.18729508245973,8.425442934036255,1.0776620182982486,1,100,500,0.001,gbdt,"{'est__scale_pos_weight': 1, 'est__num_leaves': 100, 'est__n_estimators': 500, 'est__learning_rate': 0.001, 'est__boosting_type': 'gbdt'}",0.0,0.0,0.0,0.0,0.0,0.0,0.0,62,0.7827668835448148,0.7875771466981821,0.8274459501359129,0.7829129037169985,0.816630017389494,0.7994665802970806,0.018823875374861593,40,0.061614488603378724,0.06768838601058641,0.0936203387887873,0.07057648627878513,0.07396215113270083,0.07349237016284768,0.010850147431000687,38,0.5,0.5,0.5,0.5,0.5,0.5,0.0,72
41,131.85605010986328,13.12464740000182,7.611778116226196,0.6052196517005454,10,30,500,0.1,gbdt,"{'est__scale_pos_weight': 10, 'est__num_leaves': 30, 'est__n_estimators': 500, 'est__learning_rate': 0.1, 'est__boosting_type': 'gbdt'}",0.03278019643721005,0.04183071870091226,0.03780269887238944,0.022641898439271908,0.029772788245248573,0.032965660139006446,0.006615059944729235,41,0.6988440961289094,0.7151934302753039,0.7330982597059694,0.7109423699796068,0.7446401838364123,0.7205436679852404,0.016309146115807888,76,0.041123624990387145,0.04956616048456722,0.05293960960857644,0.04283600195073972,0.050657574380734205,0.04742459428300094,0.004608931628208677,74,0.519180565850942,0.5226997471173518,0.5203110880105345,0.5145991451634202,0.5161784628586369,0.5185938018001771,0.002896318172276275,50
42,39.2575939655304,6.057114557644943,6.967968463897705,0.713737684929135,100,100,50,0.01,gbdt,"{'est__scale_pos_weight': 100, 'est__num_leaves': 100, 'est__n_estimators': 50, 'est__learning_rate': 0.01, 'est__boosting_type': 'gbdt'}",0.0,0.0,0.0,0.0,0.0,0.0,0.0,62,0.7861263845048714,0.7918201236754463,0.8226021628489928,0.7757568959885295,0.8211569472113193,0.7994925028458318,0.01899632643249816,39,0.05981204000883954,0.0610497563170163,0.07074524425037788,0.0658001185365418,0.08803085896068322,0.06908760361469175,0.010227857283972332,47,0.5,0.5,0.5,0.5,0.5,0.5,0.0,72
43,40.46919722557068,4.72110601315671,6.895012426376343,0.7955208590135888,100,100,50,0.01,dart,"{'est__scale_pos_weight': 100, 'est__num_leaves': 100, 'est__n_estimators': 50, 'est__learning_rate': 0.01, 'est__boosting_type': 'dart'}",0.0,0.0,0.0,0.0,0.0,0.0,0.0,62,0.7873241755198854,0.7902900777078772,0.8181466157594826,0.7793843229554865,0.8200117275010936,0.799031383888765,0.016763311560780723,41,0.057853307870058476,0.05831140057140048,0.07095686278658778,0.06893266741158696,0.08141957145933057,0.06749476201979285,0.008777765059237809,49,0.5,0.5,0.5,0.5,0.5,0.5,0.0,72
44,65.40938272476197,1.3130590039623715,6.881043720245361,1.079386128107907,100,30,500,0.5,dart,"{'est__scale_pos_weight': 100, 'est__num_leaves': 30, 'est__n_estimators': 500, 'est__learning_rate': 0.5, 'est__boosting_type': 'dart'}",-0.00022293730414119244,-0.605630469817827,0.0032390576539949125,-0.18885429767230785,-0.1472006108508479,-0.1877338515982258,0.22267140704272267,96,0.5009231342351913,0.40128355037408314,0.5223794949896121,0.5412258914455056,0.5497976989688361,0.5031219540026457,0.05362328479988277,98,0.013367077069351162,0.012309010885251973,0.014785007484168267,0.01493610017552673,0.015376268903246,0.014154692903508825,0.001142542999910357,98,0.5009231342351913,0.4012835503740831,0.5223911692148276,0.5412317621419165,0.5498006302631323,0.5031260492458302,0.05362546806670396,64
45,94.48939852714538,6.944789440866045,6.432459878921509,0.3790386970696251,10,50,300,0.5,dart,"{'est__scale_pos_weight': 10, 'est__num_leaves': 50, 'est__n_estimators': 300, 'est__learning_rate': 0.5, 'est__boosting_type': 'dart'}",0.10287084358634635,0.07962830739101187,0.08563887690759452,0.10300806135702953,0.10353922033968321,0.09493706191633308,0.010226409562234907,28,0.5577375141504293,0.5566048127486489,0.528250795274427,0.5283907246998258,0.4920536255943252,0.5326074944935313,0.024036503196872575,93,0.030534193911581502,0.027871310166290353,0.029949136554757824,0.027758620182842638,0.027071467787847633,0.02863694572066399,0.001351278668052213,88,0.574262631127383,0.5595831022166141,0.5605858494872865,0.5729508531622467,0.5801838125393882,0.5695132497065837,0.008081348357984642,30
46,159.2644847869873,9.63772933721817,7.676412677764892,0.9195094787652768,100,50,300,0.001,dart,"{'est__scale_pos_weight': 100, 'est__num_leaves': 50, 'est__n_estimators': 300, 'est__learning_rate': 0.001, 'est__boosting_type': 'dart'}",0.0,0.0,0.0,0.0,0.0,0.0,0.0,62,0.786200164618042,0.7778992437886023,0.8138744296283664,0.7738234150330686,0.8011193218571593,0.7905833149850476,0.01492967097958977,56,0.058481116498842425,0.05613388162779691,0.07338531678219071,0.05597403345669899,0.07012026813303762,0.06281892329971332,0.007420474035553167,58,0.5,0.5,0.5,0.5,0.5,0.5,0.0,72
47,29.947607660293578,3.867955001726688,6.748386430740356,0.7273340869755214,100,30,50,0.01,dart,"{'est__scale_pos_weight': 100, 'est__num_leaves': 30, 'est__n_estimators': 50, 'est__learning_rate': 0.01, 'est__boosting_type': 'dart'}",0.0,0.0,0.0,0.0,0.0,0.0,0.0,62,0.7922461342902707,0.8030710725913792,0.83153234908639,0.7884520742671002,0.8294971344036673,0.8089597529277615,0.018253178481239522,27,0.06466226534207026,0.06194476915648319,0.0824529706623632,0.06697831988169443,0.09412427587902034,0.0740325201843263,0.012314704834286032,34,0.5,0.5,0.5,0.5,0.5,0.5,0.0,72
48,512.7771019458771,61.89197849201706,11.256976556777953,0.6157102751149284,50,30,1000,0.1,dart,"{'est__scale_pos_weight': 50, 'est__num_leaves': 30, 'est__n_estimators': 1000, 'est__learning_rate': 0.1, 'est__boosting_type': 'dart'}",0.09853408206616668,0.07511169138497442,0.10322057222667323,0.07721996577531415,0.14423509503270998,0.09966428129716769,0.024928132554069483,25,0.7674989864789357,0.7722931901354203,0.7878520354605091,0.7439080415167225,0.7985756555808003,0.7740255818344776,0.0186897876047227,63,0.06016584163423938,0.05506356395209236,0.0640448534245134,0.051029778783737934,0.0779376123745719,0.061648330033831,0.009267087896372341,59,0.5554931770459592,0.5445953605972491,0.5580232441438807,0.5456334628852993,0.576427298160344,0.5560345085665466,0.01148172316297081,32
49,26.416265869140624,1.2582640610571634,6.979934310913086,0.97229093838054,10,30,100,0.5,gbdt,"{'est__scale_pos_weight': 10, 'est__num_leaves': 30, 'est__n_estimators': 100, 'est__learning_rate': 0.5, 'est__boosting_type': 'gbdt'}",0.10463541338044584,0.11251759521818125,0.09778174872142505,0.08045069377151953,0.16055471861650655,0.11118803394161562,0.026856234618182134,22,0.5333616408309589,0.5526278341889249,0.5406594673720608,0.5399843707845504,0.592961992500133,0.5519190611353257,0.021441164651638495,89,0.02788696442516317,0.028010878250354573,0.03136857641838722,0.026208836380982675,0.03590214792506755,0.02987548067999104,0.0034474707395035675,85,0.5858884358344701,0.5903914937512391,0.5793609103740427,0.5637157106575412,0.6199734838815099,0.5878660068997605,0.018421468045666488,25
50,95.98325338363648,20.640154140243638,8.536068773269653,0.8032655668108305,100,100,300,0.5,gbdt,"{'est__scale_pos_weight': 100, 'est__num_leaves': 100, 'est__n_estimators': 300, 'est__learning_rate': 0.5, 'est__boosting_type': 'gbdt'}",-0.10033230277409434,-0.032061037556861544,0.02845934232957778,-0.1593942642723137,-0.19592215778937958,-0.09185008401261427,0.08187093379844199,93,0.600101704158046,0.5774894159617816,0.6361506883363184,0.5856266344492677,0.6238669953364111,0.604647087648365,0.022279403000315785,85,0.02116744886999051,0.020913608224731053,0.02627479121797416,0.018917638531287556,0.018833555595247645,0.021221408487846184,0.002707158181891922,92,0.611402216404985,0.6089139524452901,0.6628774746895787,0.6009805089720037,0.6238813032215431,0.6216110911466801,0.02190492021959676,12
51,810.915938949585,74.45456130130675,12.454729318618774,0.33005414804448113,50,100,1000,0.001,dart,"{'est__scale_pos_weight': 50, 'est__num_leaves': 100, 'est__n_estimators': 1000, 'est__learning_rate': 0.001, 'est__boosting_type': 'dart'}",0.08148358466359576,0.0703665925457479,0.10413457391090061,0.07775601509185004,0.12691664774955103,0.09213148279232906,0.02072594582215729,29,0.7870696594297918,0.7802808456815695,0.8100594052114067,0.7812498749515338,0.8081302621552087,0.7933580094859021,0.013071484610415386,53,0.0627670050705294,0.05990872180498128,0.07391142864961438,0.06592257975190471,0.06904289221354935,0.06631052549811584,0.004877082858312462,52,0.5466946428553742,0.5430297537908993,0.555576477783742,0.5422652837657711,0.5715378860703406,0.5518208088532255,0.010933768515426642,35
52,300.4124682426453,12.101699894003332,9.903658580780029,0.2537181277331009,20,50,500,0.1,dart,"{'est__scale_pos_weight': 20, 'est__num_leaves': 50, 'est__n_estimators': 500, 'est__learning_rate': 0.1, 'est__boosting_type': 'dart'}",0.04457063537131725,0.038268834533548485,0.05765810175200788,0.03903469888460502,0.07267680624058456,0.050441815356412636,0.013109112339857718,40,0.7810067950482982,0.7856195086792895,0.8067975358341604,0.7603108094105526,0.8156860640427699,0.789884142603014,0.01961315099007633,58,0.06039023272174246,0.06291811089697777,0.07385767900245424,0.05988337430082212,0.08156746722537175,0.06772337282947367,0.008574610485324369,48,0.5249091453836214,0.5217276254775716,0.5313433568766693,0.5224611344101998,0.538364600173201,0.5277611724642526,0.006291150537493197,48
53,635.5507664680481,66.43743170079486,12.442828273773193,0.8946351107166607,100,50,1000,0.1,dart,"{'est__scale_pos_weight': 100, 'est__num_leaves': 50, 'est__n_estimators': 1000, 'est__learning_rate': 0.1, 'est__boosting_type': 'dart'}",0.022032935831932218,0.02507191089171395,0.036225275740971764,0.009129332206271705,0.05966733392493782,0.03042535771916549,0.01697848675348963,42,0.7576476537837883,0.7511568086609339,0.7687519737015995,0.7381897304829091,0.7905198673145147,0.761253206788749,0.017661427634710857,66,0.04363768736041939,0.05007307634721507,0.051640201357822144,0.03725699521889589,0.05945133724373165,0.04841185950561683,0.007513662464697016,72,0.5267408500063326,0.5291933955451061,0.5321227991531896,0.5214016211335805,0.5442919096309116,0.5307501150938242,0.007630942044484133,47
54,73.26392011642456,4.763575156251996,7.968958759307862,0.6508257409714857,50,100,100,0.1,gbdt,"{'est__scale_pos_weight': 50, 'est__num_leaves': 100, 'est__n_estimators': 100, 'est__learning_rate': 0.1, 'est__boosting_type': 'gbdt'}",0.060683113550804295,0.06441379873110548,0.06915809148232757,0.06452590561408693,0.1034030171079527,0.07243678529725539,0.01571468406307553,37,0.7159072249474582,0.7203441150327675,0.7355454068044475,0.6988599318177845,0.7344329232665638,0.7210179203738043,0.013480058181124127,75,0.03793095243056278,0.039045921168857356,0.04193770305266208,0.03833852442956069,0.04448024315145694,0.04034666884661997,0.002497122371938704,80,0.540462998255848,0.5444682777466279,0.5446162761207705,0.5449217791569322,0.5625595217792473,0.5474057706118851,0.007751369167156975,37
55,256.1835660934448,31.040762578719217,8.939052772521972,0.2890182662363563,50,100,300,0.1,dart,"{'est__scale_pos_weight': 50, 'est__num_leaves': 100, 'est__n_estimators': 300, 'est__learning_rate': 0.1, 'est__boosting_type': 'dart'}",0.08741035186236863,0.077657642954774,0.08300778441883894,0.08797393975630437,0.1227583218110904,0.09176160816067527,0.015935039285005018,30,0.7833455778032556,0.7806292734651592,0.8031675213664711,0.7554652261013163,0.8093859705339538,0.7863987138540313,0.01902154368998774,60,0.056691884311133325,0.05823742995116952,0.07092268141622066,0.06357381956693975,0.07246870062132726,0.0643789031733581,0.006414389579395879,56,0.5485517366436894,0.5453467197976003,0.5460001391979369,0.5504014371675422,0.5647399135457265,0.551007989270499,0.007100638860200227,36
56,212.77130603790283,15.19908920261161,10.653028345108032,1.1653954710121164,20,100,500,0.1,gbdt,"{'est__scale_pos_weight': 20, 'est__num_leaves': 100, 'est__n_estimators': 500, 'est__learning_rate': 0.1, 'est__boosting_type': 'gbdt'}",0.0069068500641472595,0.005991554295273407,0.005237537741080978,-0.00045151846277542533,0.009946963287038013,0.005526277384952846,0.0033906442204917537,54,0.6954169409690623,0.685452569165335,0.7164234302718878,0.6821105769625659,0.717958101272975,0.6994723237283653,0.015122789971235154,79,0.033681003164574966,0.031826967913356416,0.036079895906138255,0.02959069497788032,0.03936026651266133,0.03410776569492226,0.003384262254932449,82,0.5044651556539683,0.5031079870093179,0.5025780633199788,0.500094723554961,0.5056735729263081,0.5031839004929068,0.001884457444699319,63
57,84.66812210083008,10.641054628134187,7.660402631759643,0.38872583411231204,20,30,300,0.1,gbdt,"{'est__scale_pos_weight': 20, 'est__num_leaves': 30, 'est__n_estimators': 300, 'est__learning_rate': 0.1, 'est__boosting_type': 'gbdt'}",0.05253328285696268,0.06936494012525851,0.07903547148109397,0.07981361977609706,0.10617248281982027,0.0773839594118465,0.01743141197474293,33,0.7294105844241945,0.745292995086283,0.7544215760394147,0.7153305049388616,0.7508797342343875,0.7390670789446283,0.014633757342431252,73,0.04391694464030686,0.049888881021904904,0.059395518113714636,0.0556728180414951,0.05726651915482958,0.053228136194450215,0.005624420312731686,71,0.5337033758239892,0.5435231963450625,0.5469433435986166,0.54568699415921,0.5600506164279514,0.5459815052709659,0.00843501634856735,38
58,209.28773813247682,15.187064565906093,8.447462129592896,0.6693489203064715,100,30,500,0.1,dart,"{'est__scale_pos_weight': 100, 'est__num_leaves': 30, 'est__n_estimators': 500, 'est__learning_rate': 0.1, 'est__boosting_type': 'dart'}",0.16298399478411768,0.16627022175076148,0.20948302421591602,0.17107189246026897,0.23520853540253056,0.18900353372271894,0.028529547312389218,11,0.784377433543314,0.7852822762648061,0.8095998697906389,0.7581687318179531,0.8143370612812372,0.7903530745395898,0.020213480374952828,57,0.06505271347546618,0.06506705202812058,0.07096792387239388,0.06021217790431625,0.08717313693952837,0.06969460084396506,0.009380812830132236,45,0.6271850939237098,0.6356174519285582,0.6505331394939307,0.6376046510868739,0.669795383193526,0.6441471439253197,0.014845094242336937,9
59,467.3862473964691,31.599136065482682,11.114692497253419,0.7859640305964701,1,100,1000,0.01,dart,"{'est__scale_pos_weight': 1, 'est__num_leaves': 100, 'est__n_estimators': 1000, 'est__learning_rate': 0.01, 'est__boosting_type': 'dart'}",-0.00015142911224686395,0.0020012648156837315,0.002610553125064193,0.0021029627033378817,-0.000167158511670073,0.0012792386040337738,0.0011925700253414449,58,0.7927723357153842,0.7947374576759672,0.8285774992285585,0.7871242333081094,0.8226075179998107,0.8051638087855659,0.016971550176857326,36,0.0658137754109714,0.07224596209885889,0.10603379969651175,0.0742742153994457,0.07772333256476928,0.0792182170341114,0.013957397317369771,23,0.4999659145136001,0.5012291815241701,0.5012356902186624,0.5009322560596644,0.49996182979481396,0.5006649744221823,0.0005828520860054269,68
60,44.06370558738708,2.5725243671773783,7.621957540512085,0.4959477653513479,1,50,100,0.1,gbdt,"{'est__scale_pos_weight': 1, 'est__num_leaves': 50, 'est__n_estimators': 100, 'est__learning_rate': 0.1, 'est__boosting_type': 'gbdt'}",0.017077838770059958,0.00925967481996778,0.038277158173640025,0.0477826113848631,0.03127927853560897,0.028735312336827967,0.013967929937305204,44,0.781924481634684,0.7992288955746958,0.811802451586245,0.7657564305449756,0.8140077845035811,0.7945440087688362,0.018366369830766404,51,0.048855906627130234,0.04762588064234821,0.07108068127976423,0.06276950987682436,0.056771219314419745,0.057420639548097355,0.008774062372397144,61,0.5113497725574325,0.5074147509472859,0.5206981045936953,0.5272159720219984,0.5178929953780936,0.5169143190997011,0.006965699766102177,52
61,179.62076778411864,15.50261288903505,8.187582874298096,0.7764194043396769,50,50,300,0.001,dart,"{'est__scale_pos_weight': 50, 'est__num_leaves': 50, 'est__n_estimators': 300, 'est__learning_rate': 0.001, 'est__boosting_type': 'dart'}",0.0,0.0,0.0,0.0,0.0,0.0,0.0,62,0.7928733056251132,0.7828559529732226,0.8192491053266087,0.7816390047174073,0.8087820473255827,0.7970798831935868,0.014743481740925067,44,0.05969928389964494,0.056824488718520694,0.0755078973004255,0.06376567639893463,0.07476355244261082,0.0661121797520273,0.007694391120993384,54,0.5,0.5,0.5,0.5,0.5,0.5,0.0,72
62,335.28058223724366,26.79103129901505,10.906588697433472,0.6336891278953688,1,30,1000,0.5,dart,"{'est__scale_pos_weight': 1, 'est__num_leaves': 30, 'est__n_estimators': 1000, 'est__learning_rate': 0.5, 'est__boosting_type': 'dart'}",0.02599953729993512,0.012234031701993836,0.03685994207899492,0.024311898233099177,0.009484697773283942,0.0217780214174614,0.009939010059488213,49,0.7252714479424187,0.6631337623745658,0.6516192152999634,0.6375552872176353,0.6967719314342482,0.6748703288537662,0.03190838951592704,81,0.0541816014388304,0.03752589942199127,0.042408924262534384,0.036667702824515605,0.05073192432724359,0.04430321045502304,0.0070247023036267104,76,0.5196506328079288,0.5121457269068007,0.523425758694269,0.5190670505136833,0.5093717254999967,0.5167321788845357,0.005176578508375536,53
63,52.91043238639831,1.97942700923513,7.236333227157592,1.0898648297048634,20,50,100,0.1,dart,"{'est__scale_pos_weight': 20, 'est__num_leaves': 50, 'est__n_estimators': 100, 'est__learning_rate': 0.1, 'est__boosting_type': 'dart'}",0.14530254274717685,0.15589669311899518,0.21831289666646164,0.16982867039152247,0.1943826485337522,0.17674469029158169,0.02649563100493164,13,0.7841156853226173,0.7891803700492124,0.8165412758774917,0.7695939836892574,0.810130506081147,0.7939123642039452,0.017232794817554384,52,0.05819515701113273,0.05819536056843827,0.0775811312160858,0.06523806122321568,0.0728144432808268,0.06640483065993986,0.007773651903613798,51,0.5927620955352233,0.5978700943491169,0.6257338107865629,0.6045590959569804,0.6169466109056676,0.6075743415067102,0.01216776485270158,19
64,41.414166116714476,1.9704801784931,7.368966484069825,1.209851453807997,20,100,50,0.01,dart,"{'est__scale_pos_weight': 20, 'est__num_leaves': 100, 'est__n_estimators': 50, 'est__learning_rate': 0.01, 'est__boosting_type': 'dart'}",0.0,0.0,0.0,0.0,0.0,0.0,0.0,62,0.8040498623295171,0.8035973280775803,0.8389708865356739,0.7881110368250094,0.8302976972840022,0.8130053622103566,0.01877057711706604,25,0.07199505873981947,0.07143795941753428,0.0927242544844829,0.07986412782465338,0.08046987215928456,0.07929825452515493,0.007708064390460036,22,0.5,0.5,0.5,0.5,0.5,0.5,0.0,72
65,150.45111684799195,14.566937191675828,7.867929267883301,0.18784671873599787,20,50,300,0.1,dart,"{'est__scale_pos_weight': 20, 'est__num_leaves': 50, 'est__n_estimators': 300, 'est__learning_rate': 0.1, 'est__boosting_type': 'dart'}",0.09699034639409448,0.09196434035782083,0.11219832809579598,0.09951343215883575,0.11070639948820607,0.10227456929895062,0.007892077797787393,24,0.8004678529076255,0.8039512908558357,0.8289360680933243,0.7760349405948705,0.8265495965118295,0.8071879497926971,0.019359750301038214,29,0.0715034543889988,0.0673369591542951,0.08162957944332216,0.06682508513592311,0.08181393469481572,0.07382180256347098,0.006651579404486938,35,0.5537343831734919,0.5526399150526946,0.5613229195253223,0.5575718162555213,0.5601921372039249,0.557092234242191,0.003430347073090481,31
66,458.1375916481018,44.61982588448149,10.0874662399292,0.5701835123933465,20,30,1000,0.001,dart,"{'est__scale_pos_weight': 20, 'est__num_leaves': 30, 'est__n_estimators': 1000, 'est__learning_rate': 0.001, 'est__boosting_type': 'dart'}",0.0,0.0,0.0,0.0,0.0,0.0,0.0,62,0.782433357706358,0.7821358133369309,0.8243568913263914,0.7816630508792988,0.8065849207735587,0.7954348068045076,0.01729956173884048,49,0.06709845758099535,0.05887959779479099,0.08906323232426727,0.07601161140541735,0.06904805666925505,0.0720201911549452,0.010120562499643871,41,0.5,0.5,0.5,0.5,0.5,0.5,0.0,72
67,28.83251910209656,1.97119380568564,6.262806224822998,0.2540274466069652,20,30,100,0.5,gbdt,"{'est__scale_pos_weight': 20, 'est__num_leaves': 30, 'est__n_estimators': 100, 'est__learning_rate': 0.5, 'est__boosting_type': 'gbdt'}",0.07494479146949425,0.13175707378771534,0.13103087066362756,0.13079603323505803,0.1438512495614672,0.12247600374347248,0.024267938412408412,20,0.5416035755007735,0.5492486533376264,0.5571690616184775,0.5622353684870283,0.5380409800012947,0.5496595277890401,0.009106071659924645,90,0.02621180579986459,0.030727633816055637,0.027725289412263654,0.03159872662779055,0.029932942172297996,0.029239279565654485,0.00198600706004161,87,0.5947856198392948,0.6280384012340045,0.6113866054960372,0.6246183863050921,0.6263298133471157,0.6170317652443089,0.012585033710055987,14
68,167.93928275108337,7.149747891288551,8.420828199386596,0.6891460436680276,1,30,500,0.5,dart,"{'est__scale_pos_weight': 1, 'est__num_leaves': 30, 'est__n_estimators': 500, 'est__learning_rate': 0.5, 'est__boosting_type': 'dart'}",0.015386880349970263,0.02347253105938589,0.03456364121839554,0.020716244356019504,0.016649813236477566,0.02215782204404975,0.006839514132759944,48,0.7146013987667298,0.7100018429782144,0.69135547622439,0.6959620007459734,0.7223114773460227,0.706846439212266,0.011555988145670078,77,0.04904305620388615,0.042631809398510384,0.04763504145468135,0.04133958603685033,0.0512816969655127,0.046386238011888195,0.003798635062250367,75,0.5127694072273375,0.5194937967102353,0.5215785764449773,0.5152602461290786,0.5138560512039121,0.5165916155431083,0.003381052136339799,54
69,309.32952523231506,41.22418228820773,10.570842027664185,1.0744168433198957,20,100,500,0.01,gbdt,"{'est__scale_pos_weight': 20, 'est__num_leaves': 100, 'est__n_estimators': 500, 'est__learning_rate': 0.01, 'est__boosting_type': 'gbdt'}",0.09434454329400391,0.06250433505375502,0.08419701357651964,0.06092200482444391,0.10624471180634386,0.08164252171101327,0.017712958798840717,32,0.8107267660900613,0.8109666445287778,0.8380975646878246,0.7828269072286753,0.8383011183738079,0.8161838001818295,0.0206836606068873,14,0.07890281333581001,0.07250816941204148,0.0912512430279975,0.06942376799868447,0.09333163481580509,0.0810835257180677,0.00967099626831565,14,0.5506442985919615,0.5357137812099516,0.5453041836489751,0.5348873479173718,0.5553132196756628,0.5443725662087846,0.008060327041939909,39
70,188.5385262966156,8.074150827056677,7.163282203674316,0.9782661766529971,100,50,300,0.01,dart,"{'est__scale_pos_weight': 100, 'est__num_leaves': 50, 'est__n_estimators': 300, 'est__learning_rate': 0.01, 'est__boosting_type': 'dart'}",0.23203146360443375,0.19756624982149976,0.30177870889559877,0.17852297796013436,0.2654827991827819,0.23507643989288968,0.04469523391088683,3,0.8029606555515396,0.7975970229450002,0.8338332637790032,0.7887950203436742,0.8262480666793715,0.8098868058597176,0.017233673090354177,26,0.0690171869609261,0.06548217301167411,0.08131790191191644,0.06567983725172802,0.08024130018732575,0.07234767986471409,0.007006591436876237,40,0.7283266584204049,0.7114599287909745,0.752164609054276,0.7167351335538679,0.7498735344571638,0.7317119728553374,0.01669768849495861,3
71,186.89981088638305,16.044437748053348,8.096165990829467,0.7158100973128501,20,30,500,0.1,dart,"{'est__scale_pos_weight': 20, 'est__num_leaves': 30, 'est__n_estimators': 500, 'est__learning_rate': 0.1, 'est__boosting_type': 'dart'}",0.08266557301196764,0.0728472633060653,0.11122065438412741,0.0944065315547492,0.1256846276079824,0.09736492997297838,0.019078393895471498,27,0.7951870464213318,0.8067000282397048,0.8263894616375113,0.7703213708723738,0.829168079453688,0.8055531973249218,0.021641933690616323,33,0.06743209320631546,0.07096423176827509,0.09170960639094766,0.06909553890082226,0.09007470170668444,0.07785523439460898,0.010715587332245704,25,0.5474630008827774,0.5430626868785552,0.5601279866894296,0.55296406723111,0.5678998910498648,0.5543035265463475,0.00887388170666038,33
72,383.25944595336915,16.11614772749276,9.533966875076294,0.9727509146702487,50,100,500,0.001,dart,"{'est__scale_pos_weight': 50, 'est__num_leaves': 100, 'est__n_estimators': 500, 'est__learning_rate': 0.001, 'est__boosting_type': 'dart'}",0.0,0.0,0.0,0.0,0.0,0.0,0.0,62,0.7900785837336135,0.7834151990128098,0.8116632457720754,0.7820640194441678,0.8100696170247629,0.7954581329974858,0.012880025098092086,48,0.06135167652723273,0.06047351997561637,0.07322217245304227,0.06741152412364362,0.06897895023692106,0.0662875686632912,0.004790860751347666,53,0.5,0.5,0.5,0.5,0.5,0.5,0.0,72
73,33.24650549888611,2.697961585453795,7.567402935028076,0.48072926049743264,1,100,50,0.1,gbdt,"{'est__scale_pos_weight': 1, 'est__num_leaves': 100, 'est__n_estimators': 50, 'est__learning_rate': 0.1, 'est__boosting_type': 'gbdt'}",0.019170504974026063,0.030314775903221493,0.026015158050404403,0.03722450157722232,0.02729842953546458,0.02800467400806777,0.0058794776756755564,45,0.7892273078619649,0.8000719779169438,0.8136146715528683,0.767649380001807,0.8072518720909083,0.7955630418848985,0.016137748509184553,47,0.04728648908245207,0.05159132396938088,0.05807850788388215,0.05480107957840867,0.056438466403238484,0.05363917338347245,0.0038325981598413324,69,0.5120113092973881,0.5171089062102442,0.5140283487474331,0.5221534520010809,0.5169776921321072,0.5164559416776507,0.003429524005854603,55
74,68.47929682731629,5.660056748459335,7.50745587348938,0.6794911690443413,20,100,100,0.1,dart,"{'est__scale_pos_weight': 20, 'est__num_leaves': 100, 'est__n_estimators': 100, 'est__learning_rate': 0.1, 'est__boosting_type': 'dart'}",0.11201758260247834,0.09884942573287973,0.1606404173598707,0.11589180050718563,0.14871948325319415,0.1272237418911217,0.02342427411629753,19,0.7610651436734472,0.761007942014696,0.7947432024670542,0.7377018861415551,0.7838073644654815,0.7676651077524468,0.019897073633929886,65,0.05404288507132729,0.050293532987411564,0.06770637317142754,0.048663825916430856,0.058295287650888795,0.05580038095949722,0.00681647701113427,63,0.5693371033934029,0.5619043311356766,0.5894262062640028,0.571148157106786,0.5868748746871688,0.5757381345174075,0.010628315932767472,29
75,308.22892689704895,35.16522320160009,9.615182876586914,0.6282368300654703,100,50,500,0.01,dart,"{'est__scale_pos_weight': 100, 'est__num_leaves': 50, 'est__n_estimators': 500, 'est__learning_rate': 0.01, 'est__boosting_type': 'dart'}",0.184625738742723,0.17060731553072161,0.2646188921067304,0.1621796589901747,0.22025300782137708,0.2004569226383454,0.03772377938394801,8,0.8066467866602111,0.8048128849994968,0.8388939957716197,0.7930707117221643,0.8362589252497666,0.8159366608806516,0.018291667163976937,16,0.07319600962623861,0.0663498012537756,0.08992390918104826,0.06784789049147147,0.09459640104673692,0.07838280231985417,0.011651250847805696,24,0.7298012486700093,0.7176985965489469,0.7592321997040965,0.7138993844772259,0.7519199238214183,0.7345102706443394,0.018132212786198833,1
76,45.80930109024048,4.700578399254544,7.282028770446777,0.8476049222755084,10,50,100,0.001,gbdt,"{'est__scale_pos_weight': 10, 'est__num_leaves': 50, 'est__n_estimators': 100, 'est__learning_rate': 0.001, 'est__boosting_type': 'gbdt'}",0.0,0.0,0.0,0.0,0.0,0.0,0.0,62,0.7928153059294062,0.7899692831043564,0.8358534614069887,0.7926790941499643,0.8199212904700433,0.8062476870121518,0.018401039734965388,31,0.07001804487376578,0.06629951958449212,0.10132047917390291,0.0699675933772717,0.07849885062380516,0.07722089752664754,0.012697960491899005,27,0.5,0.5,0.5,0.5,0.5,0.5,0.0,72
77,416.4689286708832,18.310390199287834,11.810652208328246,1.142349885030086,50,50,1000,0.001,gbdt,"{'est__scale_pos_weight': 50, 'est__num_leaves': 50, 'est__n_estimators': 1000, 'est__learning_rate': 0.001, 'est__boosting_type': 'gbdt'}",0.06589269564851635,0.05046410575491117,0.07694867213013745,0.06791126322083174,0.10505602905668951,0.07325455316221725,0.01803958187148903,36,0.8102197794697021,0.8117029320353016,0.8424538887403484,0.7967836586769734,0.8404827671637871,0.8203286052172226,0.018037036997052964,9,0.07294973563989657,0.06991392299613826,0.08820920250106819,0.07400661152294773,0.09778970290441248,0.08057383511289265,0.010673087498553543,18,0.5355902944129043,0.5283302498267252,0.5418258238262577,0.5366586712871241,0.5547940716109809,0.5394398221927984,0.008802525110852642,43
78,173.27091307640075,9.150133119343879,8.592771959304809,0.6207403966383499,1,30,500,0.1,dart,"{'est__scale_pos_weight': 1, 'est__num_leaves': 30, 'est__n_estimators': 500, 'est__learning_rate': 0.1, 'est__boosting_type': 'dart'}",0.005239026647317333,0.0019339439809054415,0.007233963891798694,0.001292703544110595,0.002156551169077777,0.0035712378466419684,0.0022834565786016515,55,0.8184222348348331,0.8280797405131811,0.8406366797885904,0.7892085806309351,0.8406496766454932,0.8233993824826065,0.019028324930919986,4,0.07337086772993869,0.07104027150222933,0.0965602920313018,0.06977359126559605,0.0917159515388856,0.0804921948135903,0.011305724912288585,19,0.5026680156093011,0.5011194324274895,0.5035673029245447,0.5007755295262859,0.5014947752346385,0.5019250111444519,0.0010396678242172738,65
79,266.0487638473511,21.11668784131144,9.770394706726075,0.7658935554573856,1,50,1000,0.001,gbdt,"{'est__scale_pos_weight': 1, 'est__num_leaves': 50, 'est__n_estimators': 1000, 'est__learning_rate': 0.001, 'est__boosting_type': 'gbdt'}",0.0,0.0,0.0,0.0,0.0,0.0,0.0,62,0.7927997731323424,0.7982195518141116,0.8282405247920817,0.7851534879097352,0.823527865184631,0.8055882405665804,0.0171486308576704,32,0.0700721396894379,0.06970929678049186,0.10165301411490216,0.08149512375785518,0.08353214008103407,0.08129234288474423,0.011659113699615307,13,0.5,0.5,0.5,0.5,0.5,0.5,0.0,72
80,192.13700299263002,4.91067609962681,7.35575761795044,0.8356611157740174,10,30,500,0.1,dart,"{'est__scale_pos_weight': 10, 'est__num_leaves': 30, 'est__n_estimators': 500, 'est__learning_rate': 0.1, 'est__boosting_type': 'dart'}",0.054737417712999815,0.042809930843142434,0.06452441103374654,0.04325917984454602,0.08868894071032056,0.05880397602895108,0.016969511230487493,39,0.8017890046379085,0.8161251681342787,0.8374188106344513,0.778230186162679,0.838229441626253,0.814358522239114,0.022662604313543357,21,0.07730206062986508,0.07427325130383894,0.10070606909781019,0.06502809306470966,0.09738956423629754,0.08293980766650429,0.013799698699495745,9,0.5297103299953099,0.5236798826144392,0.5341612407120786,0.5238566331708774,0.546337034049249,0.5315490241083909,0.008366432642702053,46
81,28.366507005691528,0.9418471893424784,7.5024824142456055,0.5022764609678796,50,30,50,0.001,dart,"{'est__scale_pos_weight': 50, 'est__num_leaves': 30, 'est__n_estimators': 50, 'est__learning_rate': 0.001, 'est__boosting_type': 'dart'}",0.0,0.0,0.0,0.0,0.0,0.0,0.0,62,0.7949475625044491,0.7869269036745636,0.8232847820529547,0.7791034851613015,0.8107273730567618,0.7989980212900062,0.01603330973854539,42,0.06392069212734566,0.06084761088458701,0.07798523122081807,0.05946662501930058,0.07213888301460665,0.0668718084533316,0.007086424001586892,50,0.5,0.5,0.5,0.5,0.5,0.5,0.0,72
82,26.651712656021118,1.4331212615153734,7.2945867538452145,0.812886172587438,100,30,100,0.5,dart,"{'est__scale_pos_weight': 100, 'est__num_leaves': 30, 'est__n_estimators': 100, 'est__learning_rate': 0.5, 'est__boosting_type': 'dart'}",-0.006256966790739799,-0.0033334013341752102,-1.1687740053813147,0.021349194895160975,-0.6689642363332422,-0.3651958829888622,0.4790014007721632,99,0.5984098108580642,0.5219676232642007,0.49857396161797285,0.5482806467727808,0.49227409325586935,0.5319012271537775,0.038655840305695834,94,0.01899178768949488,0.014595300702392698,0.013441365254936742,0.016535332128729163,0.013240247343119254,0.015360806623734546,0.0021601185063907205,96,0.5984125535231495,0.5219714682439777,0.49857396161797285,0.548284192884021,0.4922740932558693,0.531903253904998,0.038656886998454425,45
83,50.94144258499146,0.7923805035705414,6.135491132736206,0.4385992174256339,20,30,300,0.5,gbdt,"{'est__scale_pos_weight': 20, 'est__num_leaves': 30, 'est__n_estimators': 300, 'est__learning_rate': 0.5, 'est__boosting_type': 'gbdt'}",0.0750310219361909,0.09862298292498896,0.11841353954854518,0.10345133290724297,0.13486802732319517,0.10607738092803262,0.02003707919736466,23,0.5457501621267655,0.51192628617917,0.5250904543704558,0.5362514187077558,0.5310319595689694,0.5300100561906234,0.01130464548194285,95,0.023951008455622525,0.025384971843154018,0.02505940514045433,0.025730880709044175,0.027478554406607524,0.025520964110976513,0.001146517865857134,90,0.6007127128787199,0.6101447743548541,0.6060290210105542,0.6170820680183625,0.6279235818231825,0.6123784316171347,0.00943577367070282,15
84,21.331460380554198,0.6240702679853594,5.746610164642334,0.3349649971241121,10,50,50,0.5,dart,"{'est__scale_pos_weight': 10, 'est__num_leaves': 50, 'est__n_estimators': 50, 'est__learning_rate': 0.5, 'est__boosting_type': 'dart'}",0.12989883694029053,0.08359819661763872,0.12759874299094237,0.08578644619920457,0.07125699073405313,0.09962784269642586,0.024298738268779332,26,0.5718673640059073,0.5571895761845964,0.5177371891802525,0.533507499959458,0.4883511315361116,0.5337305521732651,0.02939343958710053,92,0.03347562627582427,0.030567775421283867,0.03331255019743379,0.027865020206858618,0.023737468462403623,0.029791688112760832,0.003658846990881644,86,0.5934178939415556,0.5674043448438654,0.5853743599742566,0.5752673746814292,0.5722018321508351,0.5787331611183884,0.009410195664510908,27
85,224.28064746856688,22.528266844433155,11.190191650390625,1.3263143281432255,10,30,1000,0.1,gbdt,"{'est__scale_pos_weight': 10, 'est__num_leaves': 30, 'est__n_estimators': 1000, 'est__learning_rate': 0.1, 'est__boosting_type': 'gbdt'}",0.009563169074810389,0.020549174809767683,0.01923511409616549,0.005624394367358893,0.008359989268836427,0.012666368323387776,0.006050639676337324,51,0.6802050518695836,0.6927285978395226,0.7232520879204754,0.7019313959368252,0.7239760405405501,0.7044186348213913,0.017125022600683562,78,0.034481812291358924,0.04187085077885508,0.049006810469422714,0.03538707879367571,0.042175471383511395,0.04058440474336476,0.00527971943066182,79,0.5058953114993578,0.5106236373308083,0.5100057090269788,0.5040724968350891,0.504451178311118,0.5070096666006705,0.0027731451642485807,59
86,127.19335389137268,2.5123436999995112,8.10108847618103,0.7494757659561304,1,30,500,0.01,gbdt,"{'est__scale_pos_weight': 1, 'est__num_leaves': 30, 'est__n_estimators': 500, 'est__learning_rate': 0.01, 'est__boosting_type': 'gbdt'}",-0.0005300018928639377,0.001138334115342997,0.010136175981268045,0.00260602436962667,0.00047464762573013196,0.0027650360398207815,0.0038238279763605654,56,0.8164060610885127,0.8219427505288518,0.8445792961874822,0.7952685898892603,0.8417489331329939,0.8239891261654201,0.018032889830860013,3,0.0765524998373234,0.0746929144863103,0.10847427706472154,0.08061537026658293,0.099647791090609,0.08799657054910945,0.013546390965497672,4,0.4998807007976004,0.5005808218092602,0.5048411116154188,0.5012260646705387,0.5004954309889398,0.5014048259763515,0.0017702516357135448,66
87,37.441197681427,3.0155394470200463,6.989932680130005,0.8841131815468259,1,50,100,0.01,gbdt,"{'est__scale_pos_weight': 1, 'est__num_leaves': 50, 'est__n_estimators': 100, 'est__learning_rate': 0.01, 'est__boosting_type': 'gbdt'}",0.0,0.0,0.0,0.0021029627033378817,0.0,0.00042059254066757637,0.0008411850813351529,61,0.792618872972328,0.7967543350266291,0.8284669669500058,0.7841734264796103,0.8241202322273805,0.8052267667311908,0.017725993142492024,34,0.07025979514644518,0.06505597036990587,0.09904603661951936,0.08361371157672624,0.08379668084298034,0.0803544389111154,0.011897837493940421,21,0.5,0.5,0.5,0.5009322560596644,0.5,0.5001864512119328,0.0003729024238657619,71
88,22.919450330734254,1.2040024774352225,6.993854236602783,1.0442467760351648,100,30,50,0.5,dart,"{'est__scale_pos_weight': 100, 'est__num_leaves': 30, 'est__n_estimators': 50, 'est__learning_rate': 0.5, 'est__boosting_type': 'dart'}",0.1072875260268809,-0.8498990187478326,0.0959393677983846,-0.19299837123476668,-0.1017252409352588,-0.18827914741851853,0.3502554858335381,97,0.5952967271860974,0.4971810421057049,0.5740758158425685,0.6389924415968379,0.6230316266373166,0.5857155306737051,0.049591447265498315,86,0.0223889995405716,0.013385107133704392,0.021165154191411975,0.02546571761333699,0.021520695403769215,0.020785134776558835,0.003998152352779001,93,0.5952967271860974,0.49719434542228413,0.5740758158425685,0.6317350235112177,0.6612056609915999,0.5919015145907535,0.05601518372298774,23
89,133.0834952354431,11.454903104650139,7.790226697921753,0.38500294193354817,1,100,300,0.01,gbdt,"{'est__scale_pos_weight': 1, 'est__num_leaves': 100, 'est__n_estimators': 300, 'est__learning_rate': 0.01, 'est__boosting_type': 'gbdt'}",-0.0001325004732159414,0.001585099655235703,0.0015835849405386152,0.0023524318083416942,0.001260911736178447,0.0013299055334157037,0.00081466910296307,57,0.8167387175640423,0.8169301245765089,0.8460819417491453,0.7982366928950779,0.8368233393644757,0.8229621632298499,0.016811436655817028,6,0.07237794788345531,0.073503042019402,0.09693127083840694,0.07569622439075087,0.09343033925108861,0.08238776487662075,0.010558062938214086,11,0.49997017519940007,0.5012080759286546,0.5008791195737323,0.500919548502904,0.5008449336972391,0.5007643705803859,0.00041745866242530206,67
90,143.40279998779297,31.7130323235261,10.038192653656006,1.964921775767324,100,100,500,0.5,gbdt,"{'est__scale_pos_weight': 100, 'est__num_leaves': 100, 'est__n_estimators': 500, 'est__learning_rate': 0.5, 'est__boosting_type': 'gbdt'}",-0.38824321197972644,-0.14931149146249312,-0.10995132170805041,-0.3390202667876219,-0.11585735807003894,-0.22047673000158613,0.11867917477569019,98,0.6121052268704567,0.6087211549199192,0.6407528669505043,0.5695718329988528,0.6233024333365843,0.6108907030152635,0.023491406560826763,84,0.017534125335664126,0.01832001629982885,0.02036492020465157,0.01590822033133336,0.019237712063518774,0.018272998846999337,0.0015130848417393933,94,0.6121086747153776,0.6087308666283506,0.6400174537806894,0.569580939159788,0.6233043083086116,0.6107484485185635,0.023302398858901986,16
91,169.13618569374086,14.320830038065328,9.923646116256714,0.9187530134379351,1,100,300,0.5,dart,"{'est__scale_pos_weight': 1, 'est__num_leaves': 100, 'est__n_estimators': 300, 'est__learning_rate': 0.5, 'est__boosting_type': 'dart'}",0.01283361726291961,0.014392378465493773,0.06096699324254986,0.017594787951261567,0.0461728955568859,0.03039213449582214,0.01955464244663389,43,0.5916992387976638,0.5693609902728699,0.5387762961594755,0.6149801954820806,0.6057475640759543,0.5841128569576088,0.027391340400904778,87,0.03092859771672648,0.028962294997336876,0.02998301812231801,0.03098805511487245,0.037986276669038956,0.03176964852405855,0.0031949335588453095,83,0.5143063412957575,0.5149708989362112,0.5407501014772705,0.5172822219095864,0.530929559688224,0.52364782466141,0.010474586265742955,49
92,177.68088450431824,16.01394040428389,9.481464052200318,1.0661293169791344,1,100,1000,0.5,gbdt,"{'est__scale_pos_weight': 1, 'est__num_leaves': 100, 'est__n_estimators': 1000, 'est__learning_rate': 0.5, 'est__boosting_type': 'gbdt'}",-0.02856752266176909,-0.0022827883065718404,0.01334647852609565,-0.04313959961239278,-0.03239779598406591,-0.018608245607740794,0.020874631392594878,92,0.4982398845882225,0.5232644889704248,0.5074987571256427,0.5121514728129366,0.5060668549110414,0.5094442916816536,0.008234775102473382,97,0.013276761104770218,0.01477588202752951,0.01461253836745057,0.013900847131995783,0.013643995947444483,0.014042004915838114,0.0005706169965418286,99,0.49827464026461876,0.5232834004198718,0.5075070756019097,0.5121592389808345,0.5057866205355239,0.5094021951605517,0.00825561004470327,58
93,25.34670720100403,4.066743976836121,7.795255565643311,0.8858782321584663,100,30,50,0.5,gbdt,"{'est__scale_pos_weight': 100, 'est__num_leaves': 30, 'est__n_estimators': 50, 'est__learning_rate': 0.5, 'est__boosting_type': 'gbdt'}",-0.12353250467957776,-0.08790877006874916,-0.12372091112616666,-0.1395233284539065,-0.10879129950264654,-0.11669536276620933,0.017368724719703448,95,0.6595066564024062,0.621270400961178,0.6460372682756228,0.6194080721601783,0.6650347790409901,0.642251435368075,0.01893768190722898,82,0.027538950206224225,0.022190359970794278,0.029326675792766654,0.025518578996426736,0.02675038441735689,0.026264989876713756,0.002382949495991616,89,0.6521983771432676,0.6440803255561095,0.6461722203235195,0.6294211977737056,0.6689769156507337,0.6481698072894672,0.01281709566737278,8
94,95.90529332160949,2.5485768607717882,6.765764427185059,0.5092487243714103,1,30,300,0.1,dart,"{'est__scale_pos_weight': 1, 'est__num_leaves': 30, 'est__n_estimators': 300, 'est__learning_rate': 0.1, 'est__boosting_type': 'dart'}",0.00883126169895043,0.0048246598257819335,0.01332183128966672,0.008253097746531202,0.009181336029882007,0.008882437318162458,0.0027078332552869172,53,0.8137513416180948,0.8196429824480016,0.8447459755550547,0.7955918098993737,0.8431533188710844,0.8233770856783218,0.018581436325636094,5,0.06740717718783548,0.06611695616851634,0.09220696591554273,0.06883116421122383,0.09318018115932128,0.07754848892848794,0.012399505190685096,26,0.5044438522249683,0.502586260867501,0.5065442907474665,0.5045780980586371,0.5049109505010659,0.5046126904799279,0.001261440335476372,61
95,107.3032949924469,9.757266829992766,6.047781181335449,0.22043116044666689,20,30,300,0.1,dart,"{'est__scale_pos_weight': 20, 'est__num_leaves': 30, 'est__n_estimators': 300, 'est__learning_rate': 0.1, 'est__boosting_type': 'dart'}",0.1278755757461043,0.12940696464636187,0.18690410171092928,0.14373337731686722,0.18554801163918525,0.15469360621188957,0.026337266265594583,15,0.8048568895122512,0.8197372706511357,0.839580608789471,0.789145382452441,0.8388604595008208,0.8184361221812239,0.019536012131185672,11,0.06689919702329185,0.07924808394145189,0.09678509837659,0.08411942421982022,0.09608265257052191,0.08462689122633517,0.011158106482828539,7,0.5741550696702605,0.577255600965324,0.6006045631180115,0.5839252092231958,0.6034329771284362,0.5878746840210456,0.012005843579659692,24
96,19.575075149536133,1.8340872791410554,6.265710306167603,0.530143998514748,20,50,50,0.5,dart,"{'est__scale_pos_weight': 20, 'est__num_leaves': 50, 'est__n_estimators': 50, 'est__learning_rate': 0.5, 'est__boosting_type': 'dart'}",0.08739562958756639,0.11753605744711217,0.15031938710538795,0.12902294703420486,0.11313535712074774,0.11948187565900384,0.020569763480504797,21,0.5025378803228643,0.5587751235993825,0.5699590260952754,0.5690794737497207,0.5624258177880634,0.5525554643110612,0.025352686635329094,88,0.026554051992811602,0.02979627434595799,0.03461172612911233,0.029635904637363538,0.02911699608845403,0.029942990638739897,0.0026107504938174516,84,0.591497021751019,0.6215585968231105,0.6299831604946697,0.6302857144211051,0.6221031325669976,0.6190855252113804,0.014286708883665396,13
97,24.07015585899353,1.0881265586422588,5.9847273349761965,0.5183701584830872,10,30,50,0.001,gbdt,"{'est__scale_pos_weight': 10, 'est__num_leaves': 30, 'est__n_estimators': 50, 'est__learning_rate': 0.001, 'est__boosting_type': 'gbdt'}",0.0,0.0,0.0,0.0,0.0,0.0,0.0,62,0.7803569045417327,0.7806061330603733,0.8267755303134964,0.7862457349258944,0.8095253126452477,0.7967019230973489,0.018463082787351544,46,0.06889670225468858,0.06202190171057854,0.09691878915430246,0.06334121280335418,0.0718373195153598,0.0726031850876567,0.012675337113410559,39,0.5,0.5,0.5,0.5,0.5,0.5,0.0,72
98,23.196755599975585,2.211199496372358,6.106976890563965,0.3331831477156015,10,30,50,0.1,gbdt,"{'est__scale_pos_weight': 10, 'est__num_leaves': 30, 'est__n_estimators': 50, 'est__learning_rate': 0.1, 'est__boosting_type': 'gbdt'}",0.07625507392685063,0.10641791958220329,0.16418756546922217,0.12448920685318521,0.16747631921084669,0.1277652170084616,0.034708192968680995,18,0.7742204780606817,0.7809864726088656,0.8100353898124367,0.7599394444246708,0.7893219027925981,0.7829007375398506,0.016635822874328517,61,0.05330681231919345,0.05362669568499703,0.06498543169150711,0.05052372492275093,0.0661756448934528,0.05772366190238026,0.0065161660796693305,60,0.5511288002033674,0.5663014312017768,0.5918340559143083,0.5768440910466561,0.5971999072675807,0.5766616571267379,0.01680068897300093,28
99,20.95838646888733,0.9750980073589485,5.467066764831543,0.17863113666982644,1,50,50,0.001,dart,"{'est__scale_pos_weight': 1, 'est__num_leaves': 50, 'est__n_estimators': 50, 'est__learning_rate': 0.001, 'est__boosting_type': 'dart'}",0.0,0.0,0.0,0.0,0.0,0.0,0.0,62,0.7357959017058118,0.7331698652719085,0.7683809034903984,0.7357348790341687,0.7514504625154588,0.7449064024035493,0.01340702272501781,71,0.052100757171604326,0.04845479712723559,0.06762868227092317,0.055971612372420085,0.050349390332056626,0.05490104785484795,0.006830111986991628,64,0.5,0.5,0.5,0.5,0.5,0.5,0.0,72
