x,y,model,repetition,subsample,train_dataset,eval_dataset
3.0,0.3675571797618298,attn  ,0,0,pooled,aumc
2.75,0.37619841322754854,attn  ,0,1,pooled,aumc
2.25,0.3655821917808219,attn  ,0,2,pooled,aumc
2.5,0.37748278337631946,attn  ,0,3,pooled,aumc
3.0,0.37125197772089374,attn  ,0,4,pooled,aumc
2.25,0.36881968473663973,attn  ,0,5,pooled,aumc
2.5,0.3811378072355702,attn  ,0,6,pooled,aumc
2.75,0.3762804097311139,attn  ,0,7,pooled,aumc
2.0,0.37205353307560135,attn  ,0,8,pooled,aumc
2.5,0.37144224967865475,attn  ,0,9,pooled,aumc
1.0,0.38197147464412806,attn  ,1,0,pooled,aumc
1.5,0.36773423944476574,attn  ,1,1,pooled,aumc
0.5,0.38145592475435997,attn  ,1,2,pooled,aumc
1.0,0.3960724533715926,attn  ,1,3,pooled,aumc
0.5,0.39617740264489,attn  ,1,4,pooled,aumc
1.0,0.3727070230607966,attn  ,1,5,pooled,aumc
1.5,0.38357152222367896,attn  ,1,6,pooled,aumc
1.0,0.3875926162041169,attn  ,1,7,pooled,aumc
0.5,0.36127239497208785,attn  ,1,8,pooled,aumc
0.5,0.37314323607427047,attn  ,1,9,pooled,aumc
0.75,0.39289702755212874,attn  ,2,0,pooled,aumc
1.0,0.3649797057331303,attn  ,2,1,pooled,aumc
1.0,0.3724553224553224,attn  ,2,2,pooled,aumc
1.0,0.3923076923076923,attn  ,2,3,pooled,aumc
1.75,0.37503901373283394,attn  ,2,4,pooled,aumc
0.75,0.37697267467233536,attn  ,2,5,pooled,aumc
1.25,0.3730571281523417,attn  ,2,6,pooled,aumc
1.0,0.38530627693024333,attn  ,2,7,pooled,aumc
0.75,0.3701268742791234,attn  ,2,8,pooled,aumc
1.0,0.3737665239247812,attn  ,2,9,pooled,aumc
0.0,0.42268855612034617,attn  ,3,0,pooled,aumc
0.0,0.4082848457112971,attn  ,3,1,pooled,aumc
0.0,0.4169193812184816,attn  ,3,2,pooled,aumc
0.0,0.4668696581196581,attn  ,3,3,pooled,aumc
0.0,0.43176525384257103,attn  ,3,4,pooled,aumc
0.0,0.42094148102731793,attn  ,3,5,pooled,aumc
0.0,0.4276258601955813,attn  ,3,6,pooled,aumc
0.0,0.4336043360433604,attn  ,3,7,pooled,aumc
0.0,0.41387827858416093,attn  ,3,8,pooled,aumc
0.0,0.39939790451808654,attn  ,3,9,pooled,aumc
0.5,0.4443032847252909,attn  ,4,0,pooled,aumc
0.5,0.3932004142175809,attn  ,4,1,pooled,aumc
0.5,0.4332900151613601,attn  ,4,2,pooled,aumc
0.25,0.4803436225975538,attn  ,4,3,pooled,aumc
0.25,0.4422316871954261,attn  ,4,4,pooled,aumc
0.5,0.4372060552616108,attn  ,4,5,pooled,aumc
0.5,0.41471723824664997,attn  ,4,6,pooled,aumc
0.5,0.42676767676767674,attn  ,4,7,pooled,aumc
0.25,0.4240819781367623,attn  ,4,8,pooled,aumc
0.5,0.41072593346803055,attn  ,4,9,pooled,aumc
1.0,0.31864179291832023,gru   ,0,0,pooled,aumc
1.0,0.31219399109792284,gru   ,0,1,pooled,aumc
1.0,0.32404595404595404,gru   ,0,2,pooled,aumc
1.0,0.3378921526027635,gru   ,0,3,pooled,aumc
1.0,0.30858780699847854,gru   ,0,4,pooled,aumc
1.0,0.3231359736235798,gru   ,0,5,pooled,aumc
1.0,0.31174186390532543,gru   ,0,6,pooled,aumc
1.0,0.3199964928688333,gru   ,0,7,pooled,aumc
1.0,0.2989285714285713,gru   ,0,8,pooled,aumc
1.0,0.2906063235010603,gru   ,0,9,pooled,aumc
2.0,0.2644004994706697,gru   ,1,0,pooled,aumc
2.0,0.26548154938634777,gru   ,1,1,pooled,aumc
2.0,0.26863052751763417,gru   ,1,2,pooled,aumc
2.5,0.2720160342801852,gru   ,1,3,pooled,aumc
2.0,0.25902515907595913,gru   ,1,4,pooled,aumc
2.0,0.2679487179487179,gru   ,1,5,pooled,aumc
2.0,0.2640558815017496,gru   ,1,6,pooled,aumc
2.0,0.26330453794059616,gru   ,1,7,pooled,aumc
2.0,0.2598594932928175,gru   ,1,8,pooled,aumc
2.5,0.25214073634204276,gru   ,1,9,pooled,aumc
2.0,0.2732447680236689,gru   ,2,0,pooled,aumc
2.25,0.267886641211038,gru   ,2,1,pooled,aumc
2.0,0.27186692506459953,gru   ,2,2,pooled,aumc
2.0,0.28196911196911195,gru   ,2,3,pooled,aumc
2.0,0.26612603689488673,gru   ,2,4,pooled,aumc
2.5,0.27521585557299844,gru   ,2,5,pooled,aumc
2.5,0.2715616363574329,gru   ,2,6,pooled,aumc
2.5,0.26880519879924847,gru   ,2,7,pooled,aumc
2.5,0.2583830633702756,gru   ,2,8,pooled,aumc
2.25,0.25848745004601437,gru   ,2,9,pooled,aumc
1.75,0.31947425153189546,gru   ,3,0,pooled,aumc
1.75,0.31702524383247277,gru   ,3,1,pooled,aumc
1.75,0.3270423131597253,gru   ,3,2,pooled,aumc
2.0,0.3282102234503885,gru   ,3,3,pooled,aumc
1.75,0.30845597137399444,gru   ,3,4,pooled,aumc
1.75,0.312270835056378,gru   ,3,5,pooled,aumc
1.75,0.3224121557454891,gru   ,3,6,pooled,aumc
1.75,0.3229776674937965,gru   ,3,7,pooled,aumc
1.75,0.2956938745241509,gru   ,3,8,pooled,aumc
2.0,0.3010188087774294,gru   ,3,9,pooled,aumc
0.0,0.2885714285714286,gru   ,4,0,pooled,aumc
0.0,0.30068442143338414,gru   ,4,1,pooled,aumc
0.0,0.30514464168310323,gru   ,4,2,pooled,aumc
0.0,0.31839392876626915,gru   ,4,3,pooled,aumc
0.0,0.2918727481166066,gru   ,4,4,pooled,aumc
0.0,0.3023056653491436,gru   ,4,5,pooled,aumc
0.0,0.2944477776111194,gru   ,4,6,pooled,aumc
0.0,0.29496054039593367,gru   ,4,7,pooled,aumc
0.0,0.2870496476363924,gru   ,4,8,pooled,aumc
0.0,0.279526287726887,gru   ,4,9,pooled,aumc
0.0,0.2985402011950684,lgbm  ,0,0,pooled,aumc
0.0,0.3057694322229205,lgbm  ,0,1,pooled,aumc
0.0,0.29855601129639586,lgbm  ,0,2,pooled,aumc
0.0,0.33335778355268675,lgbm  ,0,3,pooled,aumc
0.0,0.29939735104935294,lgbm  ,0,4,pooled,aumc
0.0,0.303972910016392,lgbm  ,0,5,pooled,aumc
0.0,0.314978529931801,lgbm  ,0,6,pooled,aumc
0.0,0.30485508503991665,lgbm  ,0,7,pooled,aumc
0.0,0.28810541310541304,lgbm  ,0,8,pooled,aumc
0.0,0.3056172056647643,lgbm  ,0,9,pooled,aumc
0.5,0.2682485357420083,lgbm  ,1,0,pooled,aumc
0.0,0.263003663003663,lgbm  ,1,1,pooled,aumc
0.5,0.28173602353930216,lgbm  ,1,2,pooled,aumc
0.5,0.27785895999273147,lgbm  ,1,3,pooled,aumc
0.5,0.26613945152954904,lgbm  ,1,4,pooled,aumc
0.5,0.2689919675295186,lgbm  ,1,5,pooled,aumc
0.5,0.27444086625107095,lgbm  ,1,6,pooled,aumc
0.5,0.2778446513740631,lgbm  ,1,7,pooled,aumc
0.5,0.2654278765769874,lgbm  ,1,8,pooled,aumc
0.5,0.2704165053138849,lgbm  ,1,9,pooled,aumc
1.5,0.28856898152595006,lgbm  ,2,0,pooled,aumc
1.5,0.2898578811369509,lgbm  ,2,1,pooled,aumc
1.5,0.28497053428560276,lgbm  ,2,2,pooled,aumc
1.5,0.29741610196151785,lgbm  ,2,3,pooled,aumc
1.5,0.2746201687494564,lgbm  ,2,4,pooled,aumc
1.5,0.2910397329425175,lgbm  ,2,5,pooled,aumc
1.5,0.29314104470215085,lgbm  ,2,6,pooled,aumc
1.5,0.2818735062574925,lgbm  ,2,7,pooled,aumc
1.5,0.27680596883009756,lgbm  ,2,8,pooled,aumc
1.5,0.2768572817822832,lgbm  ,2,9,pooled,aumc
0.0,0.29018316045229414,lgbm  ,3,0,pooled,aumc
0.0,0.29890186162960763,lgbm  ,3,1,pooled,aumc
0.0,0.2894971594910559,lgbm  ,3,2,pooled,aumc
0.0,0.296993131392993,lgbm  ,3,3,pooled,aumc
0.0,0.28301872814555795,lgbm  ,3,4,pooled,aumc
0.0,0.2932321772639692,lgbm  ,3,5,pooled,aumc
0.0,0.2913186813186813,lgbm  ,3,6,pooled,aumc
0.0,0.291030280244999,lgbm  ,3,7,pooled,aumc
0.0,0.27092828016310866,lgbm  ,3,8,pooled,aumc
0.0,0.282013010158617,lgbm  ,3,9,pooled,aumc
0.0,0.2727272727272727,lgbm  ,4,0,pooled,aumc
0.0,0.2731471161883533,lgbm  ,4,1,pooled,aumc
0.0,0.270253682487725,lgbm  ,4,2,pooled,aumc
0.0,0.27497494035097625,lgbm  ,4,3,pooled,aumc
0.0,0.26073502808721316,lgbm  ,4,4,pooled,aumc
0.0,0.27096143958868896,lgbm  ,4,5,pooled,aumc
0.0,0.2713250759523253,lgbm  ,4,6,pooled,aumc
0.0,0.2681693658851019,lgbm  ,4,7,pooled,aumc
0.0,0.2587636213590412,lgbm  ,4,8,pooled,aumc
0.0,0.26645233991780454,lgbm  ,4,9,pooled,aumc
5.0,0.22560888234451199,lr    ,0,0,pooled,aumc
5.0,0.22799767029873563,lr    ,0,1,pooled,aumc
5.0,0.2242281257087635,lr    ,0,2,pooled,aumc
5.0,0.2293077200432675,lr    ,0,3,pooled,aumc
5.0,0.22321873442949675,lr    ,0,4,pooled,aumc
5.0,0.22805283960890366,lr    ,0,5,pooled,aumc
5.0,0.23217310950254116,lr    ,0,6,pooled,aumc
5.0,0.2269971855379952,lr    ,0,7,pooled,aumc
5.0,0.22667984189723317,lr    ,0,8,pooled,aumc
5.0,0.2257700429622078,lr    ,0,9,pooled,aumc
5.5,0.22288882702301405,lr    ,1,0,pooled,aumc
6.0,0.22126738358001735,lr    ,1,1,pooled,aumc
5.5,0.21901815275716402,lr    ,1,2,pooled,aumc
5.5,0.2225537534375879,lr    ,1,3,pooled,aumc
5.5,0.21766642612303805,lr    ,1,4,pooled,aumc
5.5,0.22360187537358034,lr    ,1,5,pooled,aumc
6.0,0.22712966746444063,lr    ,1,6,pooled,aumc
6.0,0.22164437611144033,lr    ,1,7,pooled,aumc
6.0,0.22182556251449775,lr    ,1,8,pooled,aumc
6.0,0.22274853801169586,lr    ,1,9,pooled,aumc
7.0,0.2076502732240437,lr    ,2,0,pooled,aumc
7.0,0.21191884715876125,lr    ,2,1,pooled,aumc
7.0,0.2063402922755741,lr    ,2,2,pooled,aumc
7.0,0.21080048295348458,lr    ,2,3,pooled,aumc
7.0,0.205880658436214,lr    ,2,4,pooled,aumc
7.0,0.20827777186940122,lr    ,2,5,pooled,aumc
7.0,0.2164859679650203,lr    ,2,6,pooled,aumc
7.0,0.2094072756723359,lr    ,2,7,pooled,aumc
7.0,0.21040558704926654,lr    ,2,8,pooled,aumc
7.0,0.2123608931753139,lr    ,2,9,pooled,aumc
7.0,0.19881950201099136,lr    ,3,0,pooled,aumc
7.0,0.20435357862903225,lr    ,3,1,pooled,aumc
7.0,0.2003651169903655,lr    ,3,2,pooled,aumc
7.0,0.2030808409025647,lr    ,3,3,pooled,aumc
7.0,0.2009338881183541,lr    ,3,4,pooled,aumc
7.0,0.2011895592303823,lr    ,3,5,pooled,aumc
7.0,0.20629313369984792,lr    ,3,6,pooled,aumc
7.0,0.20135135135135135,lr    ,3,7,pooled,aumc
7.0,0.2060883232892274,lr    ,3,8,pooled,aumc
7.0,0.2018097418439043,lr    ,3,9,pooled,aumc
5.5,0.21252530364372468,lr    ,4,0,pooled,aumc
5.0,0.21655085964730336,lr    ,4,1,pooled,aumc
5.25,0.21242739801354082,lr    ,4,2,pooled,aumc
5.5,0.2197403124365997,lr    ,4,3,pooled,aumc
5.0,0.2131671851515257,lr    ,4,4,pooled,aumc
5.0,0.21705686867555357,lr    ,4,5,pooled,aumc
5.0,0.2216934278412652,lr    ,4,6,pooled,aumc
5.0,0.2153675319474278,lr    ,4,7,pooled,aumc
6.0,0.21585372220095356,lr    ,4,8,pooled,aumc
5.0,0.2169360051712993,lr    ,4,9,pooled,aumc
5.0,0.29361540339084885,mews  ,0,0,pooled,aumc
5.0,0.29717035555641025,mews  ,0,1,pooled,aumc
5.0,0.29702243958573066,mews  ,0,2,pooled,aumc
5.0,0.3085278053624627,mews  ,0,3,pooled,aumc
5.0,0.2925170068027211,mews  ,0,4,pooled,aumc
5.0,0.29494157879737815,mews  ,0,5,pooled,aumc
5.0,0.291239300472255,mews  ,0,6,pooled,aumc
5.0,0.2914424860853432,mews  ,0,7,pooled,aumc
5.0,0.2852385102447353,mews  ,0,8,pooled,aumc
5.0,0.28635458167330674,mews  ,0,9,pooled,aumc
5.0,0.29361540339084885,mews  ,1,0,pooled,aumc
5.0,0.29717035555641025,mews  ,1,1,pooled,aumc
5.0,0.29702243958573066,mews  ,1,2,pooled,aumc
5.0,0.3085278053624627,mews  ,1,3,pooled,aumc
5.0,0.2925170068027211,mews  ,1,4,pooled,aumc
5.0,0.29494157879737815,mews  ,1,5,pooled,aumc
5.0,0.291239300472255,mews  ,1,6,pooled,aumc
5.0,0.2914424860853432,mews  ,1,7,pooled,aumc
5.0,0.2852385102447353,mews  ,1,8,pooled,aumc
5.0,0.28635458167330674,mews  ,1,9,pooled,aumc
5.0,0.29361540339084885,mews  ,2,0,pooled,aumc
5.0,0.29717035555641025,mews  ,2,1,pooled,aumc
5.0,0.29702243958573066,mews  ,2,2,pooled,aumc
5.0,0.3085278053624627,mews  ,2,3,pooled,aumc
5.0,0.2925170068027211,mews  ,2,4,pooled,aumc
5.0,0.29494157879737815,mews  ,2,5,pooled,aumc
5.0,0.291239300472255,mews  ,2,6,pooled,aumc
5.0,0.2914424860853432,mews  ,2,7,pooled,aumc
5.0,0.2852385102447353,mews  ,2,8,pooled,aumc
5.0,0.28635458167330674,mews  ,2,9,pooled,aumc
5.0,0.29361540339084885,mews  ,3,0,pooled,aumc
5.0,0.29717035555641025,mews  ,3,1,pooled,aumc
5.0,0.29702243958573066,mews  ,3,2,pooled,aumc
5.0,0.3085278053624627,mews  ,3,3,pooled,aumc
5.0,0.2925170068027211,mews  ,3,4,pooled,aumc
5.0,0.29494157879737815,mews  ,3,5,pooled,aumc
5.0,0.291239300472255,mews  ,3,6,pooled,aumc
5.0,0.2914424860853432,mews  ,3,7,pooled,aumc
5.0,0.2852385102447353,mews  ,3,8,pooled,aumc
5.0,0.28635458167330674,mews  ,3,9,pooled,aumc
5.0,0.29361540339084885,mews  ,4,0,pooled,aumc
5.0,0.29717035555641025,mews  ,4,1,pooled,aumc
5.0,0.29702243958573066,mews  ,4,2,pooled,aumc
5.0,0.3085278053624627,mews  ,4,3,pooled,aumc
5.0,0.2925170068027211,mews  ,4,4,pooled,aumc
5.0,0.29494157879737815,mews  ,4,5,pooled,aumc
5.0,0.291239300472255,mews  ,4,6,pooled,aumc
5.0,0.2914424860853432,mews  ,4,7,pooled,aumc
5.0,0.2852385102447353,mews  ,4,8,pooled,aumc
5.0,0.28635458167330674,mews  ,4,9,pooled,aumc
1.0,0.30473637176050045,news  ,0,0,pooled,aumc
1.0,0.3212051759537793,news  ,0,1,pooled,aumc
1.0,0.29892241827212834,news  ,0,2,pooled,aumc
1.0,0.32125866602916564,news  ,0,3,pooled,aumc
1.0,0.31543246070890674,news  ,0,4,pooled,aumc
1.0,0.30751320316437664,news  ,0,5,pooled,aumc
1.0,0.31655802584099635,news  ,0,6,pooled,aumc
1.0,0.32058571122076807,news  ,0,7,pooled,aumc
1.0,0.3095963484995591,news  ,0,8,pooled,aumc
1.0,0.29844668432817284,news  ,0,9,pooled,aumc
1.0,0.30473637176050045,news  ,1,0,pooled,aumc
1.0,0.3212051759537793,news  ,1,1,pooled,aumc
1.0,0.29892241827212834,news  ,1,2,pooled,aumc
1.0,0.32125866602916564,news  ,1,3,pooled,aumc
1.0,0.31543246070890674,news  ,1,4,pooled,aumc
1.0,0.30751320316437664,news  ,1,5,pooled,aumc
1.0,0.31655802584099635,news  ,1,6,pooled,aumc
1.0,0.32058571122076807,news  ,1,7,pooled,aumc
1.0,0.3095963484995591,news  ,1,8,pooled,aumc
1.0,0.29844668432817284,news  ,1,9,pooled,aumc
1.0,0.30473637176050045,news  ,2,0,pooled,aumc
1.0,0.3212051759537793,news  ,2,1,pooled,aumc
1.0,0.29892241827212834,news  ,2,2,pooled,aumc
1.0,0.32125866602916564,news  ,2,3,pooled,aumc
1.0,0.31543246070890674,news  ,2,4,pooled,aumc
1.0,0.30751320316437664,news  ,2,5,pooled,aumc
1.0,0.31655802584099635,news  ,2,6,pooled,aumc
1.0,0.32058571122076807,news  ,2,7,pooled,aumc
1.0,0.3095963484995591,news  ,2,8,pooled,aumc
1.0,0.29844668432817284,news  ,2,9,pooled,aumc
1.0,0.30473637176050045,news  ,3,0,pooled,aumc
1.0,0.3212051759537793,news  ,3,1,pooled,aumc
1.0,0.29892241827212834,news  ,3,2,pooled,aumc
1.0,0.32125866602916564,news  ,3,3,pooled,aumc
1.0,0.31543246070890674,news  ,3,4,pooled,aumc
1.0,0.30751320316437664,news  ,3,5,pooled,aumc
1.0,0.31655802584099635,news  ,3,6,pooled,aumc
1.0,0.32058571122076807,news  ,3,7,pooled,aumc
1.0,0.3095963484995591,news  ,3,8,pooled,aumc
1.0,0.29844668432817284,news  ,3,9,pooled,aumc
1.0,0.30473637176050045,news  ,4,0,pooled,aumc
1.0,0.3212051759537793,news  ,4,1,pooled,aumc
1.0,0.29892241827212834,news  ,4,2,pooled,aumc
1.0,0.32125866602916564,news  ,4,3,pooled,aumc
1.0,0.31543246070890674,news  ,4,4,pooled,aumc
1.0,0.30751320316437664,news  ,4,5,pooled,aumc
1.0,0.31655802584099635,news  ,4,6,pooled,aumc
1.0,0.32058571122076807,news  ,4,7,pooled,aumc
1.0,0.3095963484995591,news  ,4,8,pooled,aumc
1.0,0.29844668432817284,news  ,4,9,pooled,aumc
3.5,0.28301538006506943,qsofa ,0,0,pooled,aumc
3.5,0.2671366367508366,qsofa ,0,1,pooled,aumc
3.5,0.2760388286815604,qsofa ,0,2,pooled,aumc
3.5,0.2850235849056604,qsofa ,0,3,pooled,aumc
3.5,0.2713211197536226,qsofa ,0,4,pooled,aumc
3.5,0.271671090685789,qsofa ,0,5,pooled,aumc
3.5,0.2877798153191766,qsofa ,0,6,pooled,aumc
3.5,0.2731306081754735,qsofa ,0,7,pooled,aumc
3.5,0.2711470240441466,qsofa ,0,8,pooled,aumc
3.5,0.26594329583460014,qsofa ,0,9,pooled,aumc
3.5,0.28301538006506943,qsofa ,1,0,pooled,aumc
3.5,0.2671366367508366,qsofa ,1,1,pooled,aumc
3.5,0.2760388286815604,qsofa ,1,2,pooled,aumc
3.5,0.2850235849056604,qsofa ,1,3,pooled,aumc
3.5,0.2713211197536226,qsofa ,1,4,pooled,aumc
3.5,0.271671090685789,qsofa ,1,5,pooled,aumc
3.5,0.2877798153191766,qsofa ,1,6,pooled,aumc
3.5,0.2731306081754735,qsofa ,1,7,pooled,aumc
3.5,0.2711470240441466,qsofa ,1,8,pooled,aumc
3.5,0.26594329583460014,qsofa ,1,9,pooled,aumc
3.5,0.28301538006506943,qsofa ,2,0,pooled,aumc
3.5,0.2671366367508366,qsofa ,2,1,pooled,aumc
3.5,0.2760388286815604,qsofa ,2,2,pooled,aumc
3.5,0.2850235849056604,qsofa ,2,3,pooled,aumc
3.5,0.2713211197536226,qsofa ,2,4,pooled,aumc
3.5,0.271671090685789,qsofa ,2,5,pooled,aumc
3.5,0.2877798153191766,qsofa ,2,6,pooled,aumc
3.5,0.2731306081754735,qsofa ,2,7,pooled,aumc
3.5,0.2711470240441466,qsofa ,2,8,pooled,aumc
3.5,0.26594329583460014,qsofa ,2,9,pooled,aumc
3.5,0.28301538006506943,qsofa ,3,0,pooled,aumc
3.5,0.2671366367508366,qsofa ,3,1,pooled,aumc
3.5,0.2760388286815604,qsofa ,3,2,pooled,aumc
3.5,0.2850235849056604,qsofa ,3,3,pooled,aumc
3.5,0.2713211197536226,qsofa ,3,4,pooled,aumc
3.5,0.271671090685789,qsofa ,3,5,pooled,aumc
3.5,0.2877798153191766,qsofa ,3,6,pooled,aumc
3.5,0.2731306081754735,qsofa ,3,7,pooled,aumc
3.5,0.2711470240441466,qsofa ,3,8,pooled,aumc
3.5,0.26594329583460014,qsofa ,3,9,pooled,aumc
3.5,0.28301538006506943,qsofa ,4,0,pooled,aumc
3.5,0.2671366367508366,qsofa ,4,1,pooled,aumc
3.5,0.2760388286815604,qsofa ,4,2,pooled,aumc
3.5,0.2850235849056604,qsofa ,4,3,pooled,aumc
3.5,0.2713211197536226,qsofa ,4,4,pooled,aumc
3.5,0.271671090685789,qsofa ,4,5,pooled,aumc
3.5,0.2877798153191766,qsofa ,4,6,pooled,aumc
3.5,0.2731306081754735,qsofa ,4,7,pooled,aumc
3.5,0.2711470240441466,qsofa ,4,8,pooled,aumc
3.5,0.26594329583460014,qsofa ,4,9,pooled,aumc
5.75,0.2709443829830031,sirs  ,0,0,pooled,aumc
5.75,0.2568397543271915,sirs  ,0,1,pooled,aumc
5.75,0.2629639853902998,sirs  ,0,2,pooled,aumc
5.75,0.2702585632413701,sirs  ,0,3,pooled,aumc
5.75,0.25304395951929154,sirs  ,0,4,pooled,aumc
5.75,0.2592952160621333,sirs  ,0,5,pooled,aumc
5.75,0.2641031373425739,sirs  ,0,6,pooled,aumc
5.75,0.26092305126093346,sirs  ,0,7,pooled,aumc
5.75,0.26195897371028604,sirs  ,0,8,pooled,aumc
5.75,0.2553755375537553,sirs  ,0,9,pooled,aumc
5.75,0.2709443829830031,sirs  ,1,0,pooled,aumc
5.75,0.2568397543271915,sirs  ,1,1,pooled,aumc
5.75,0.2629639853902998,sirs  ,1,2,pooled,aumc
5.75,0.2702585632413701,sirs  ,1,3,pooled,aumc
5.75,0.25304395951929154,sirs  ,1,4,pooled,aumc
5.75,0.2592952160621333,sirs  ,1,5,pooled,aumc
5.75,0.2641031373425739,sirs  ,1,6,pooled,aumc
5.75,0.26092305126093346,sirs  ,1,7,pooled,aumc
5.75,0.26195897371028604,sirs  ,1,8,pooled,aumc
5.75,0.2553755375537553,sirs  ,1,9,pooled,aumc
5.75,0.2709443829830031,sirs  ,2,0,pooled,aumc
5.75,0.2568397543271915,sirs  ,2,1,pooled,aumc
5.75,0.2629639853902998,sirs  ,2,2,pooled,aumc
5.75,0.2702585632413701,sirs  ,2,3,pooled,aumc
5.75,0.25304395951929154,sirs  ,2,4,pooled,aumc
5.75,0.2592952160621333,sirs  ,2,5,pooled,aumc
5.75,0.2641031373425739,sirs  ,2,6,pooled,aumc
5.75,0.26092305126093346,sirs  ,2,7,pooled,aumc
5.75,0.26195897371028604,sirs  ,2,8,pooled,aumc
5.75,0.2553755375537553,sirs  ,2,9,pooled,aumc
5.75,0.2709443829830031,sirs  ,3,0,pooled,aumc
5.75,0.2568397543271915,sirs  ,3,1,pooled,aumc
5.75,0.2629639853902998,sirs  ,3,2,pooled,aumc
5.75,0.2702585632413701,sirs  ,3,3,pooled,aumc
5.75,0.25304395951929154,sirs  ,3,4,pooled,aumc
5.75,0.2592952160621333,sirs  ,3,5,pooled,aumc
5.75,0.2641031373425739,sirs  ,3,6,pooled,aumc
5.75,0.26092305126093346,sirs  ,3,7,pooled,aumc
5.75,0.26195897371028604,sirs  ,3,8,pooled,aumc
5.75,0.2553755375537553,sirs  ,3,9,pooled,aumc
5.75,0.2709443829830031,sirs  ,4,0,pooled,aumc
5.75,0.2568397543271915,sirs  ,4,1,pooled,aumc
5.75,0.2629639853902998,sirs  ,4,2,pooled,aumc
5.75,0.2702585632413701,sirs  ,4,3,pooled,aumc
5.75,0.25304395951929154,sirs  ,4,4,pooled,aumc
5.75,0.2592952160621333,sirs  ,4,5,pooled,aumc
5.75,0.2641031373425739,sirs  ,4,6,pooled,aumc
5.75,0.26092305126093346,sirs  ,4,7,pooled,aumc
5.75,0.26195897371028604,sirs  ,4,8,pooled,aumc
5.75,0.2553755375537553,sirs  ,4,9,pooled,aumc
0.0,0.22079729962795963,sofa  ,0,0,pooled,aumc
0.0,0.228820417878868,sofa  ,0,1,pooled,aumc
0.0,0.2245914341350026,sofa  ,0,2,pooled,aumc
0.0,0.22241103558576564,sofa  ,0,3,pooled,aumc
0.0,0.22469641827156206,sofa  ,0,4,pooled,aumc
0.0,0.22881266351312066,sofa  ,0,5,pooled,aumc
0.0,0.2323592554652252,sofa  ,0,6,pooled,aumc
0.0,0.22568236553385065,sofa  ,0,7,pooled,aumc
0.0,0.22479075227110334,sofa  ,0,8,pooled,aumc
0.0,0.2196398731371278,sofa  ,0,9,pooled,aumc
0.0,0.22079729962795963,sofa  ,1,0,pooled,aumc
0.0,0.228820417878868,sofa  ,1,1,pooled,aumc
0.0,0.2245914341350026,sofa  ,1,2,pooled,aumc
0.0,0.22241103558576564,sofa  ,1,3,pooled,aumc
0.0,0.22469641827156206,sofa  ,1,4,pooled,aumc
0.0,0.22881266351312066,sofa  ,1,5,pooled,aumc
0.0,0.2323592554652252,sofa  ,1,6,pooled,aumc
0.0,0.22568236553385065,sofa  ,1,7,pooled,aumc
0.0,0.22479075227110334,sofa  ,1,8,pooled,aumc
0.0,0.2196398731371278,sofa  ,1,9,pooled,aumc
0.0,0.22079729962795963,sofa  ,2,0,pooled,aumc
0.0,0.228820417878868,sofa  ,2,1,pooled,aumc
0.0,0.2245914341350026,sofa  ,2,2,pooled,aumc
0.0,0.22241103558576564,sofa  ,2,3,pooled,aumc
0.0,0.22469641827156206,sofa  ,2,4,pooled,aumc
0.0,0.22881266351312066,sofa  ,2,5,pooled,aumc
0.0,0.2323592554652252,sofa  ,2,6,pooled,aumc
0.0,0.22568236553385065,sofa  ,2,7,pooled,aumc
0.0,0.22479075227110334,sofa  ,2,8,pooled,aumc
0.0,0.2196398731371278,sofa  ,2,9,pooled,aumc
0.0,0.22079729962795963,sofa  ,3,0,pooled,aumc
0.0,0.228820417878868,sofa  ,3,1,pooled,aumc
0.0,0.2245914341350026,sofa  ,3,2,pooled,aumc
0.0,0.22241103558576564,sofa  ,3,3,pooled,aumc
0.0,0.22469641827156206,sofa  ,3,4,pooled,aumc
0.0,0.22881266351312066,sofa  ,3,5,pooled,aumc
0.0,0.2323592554652252,sofa  ,3,6,pooled,aumc
0.0,0.22568236553385065,sofa  ,3,7,pooled,aumc
0.0,0.22479075227110334,sofa  ,3,8,pooled,aumc
0.0,0.2196398731371278,sofa  ,3,9,pooled,aumc
0.0,0.22079729962795963,sofa  ,4,0,pooled,aumc
0.0,0.228820417878868,sofa  ,4,1,pooled,aumc
0.0,0.2245914341350026,sofa  ,4,2,pooled,aumc
0.0,0.22241103558576564,sofa  ,4,3,pooled,aumc
0.0,0.22469641827156206,sofa  ,4,4,pooled,aumc
0.0,0.22881266351312066,sofa  ,4,5,pooled,aumc
0.0,0.2323592554652252,sofa  ,4,6,pooled,aumc
0.0,0.22568236553385065,sofa  ,4,7,pooled,aumc
0.0,0.22479075227110334,sofa  ,4,8,pooled,aumc
0.0,0.2196398731371278,sofa  ,4,9,pooled,aumc
2.5,0.30403311965811963,attn  ,0,0,pooled,eicu
2.5,0.3106589578185353,attn  ,0,1,pooled,eicu
2.5,0.3075146394597589,attn  ,0,2,pooled,eicu
2.5,0.3088906334330994,attn  ,0,3,pooled,eicu
2.5,0.31032568995822585,attn  ,0,4,pooled,eicu
2.5,0.31100119392802317,attn  ,0,5,pooled,eicu
2.5,0.31480683320616687,attn  ,0,6,pooled,eicu
2.5,0.3057921080812992,attn  ,0,7,pooled,eicu
3.5,0.30453777487199074,attn  ,0,8,pooled,eicu
3.5,0.29955914308437026,attn  ,0,9,pooled,eicu
0.0,0.3040789118579885,attn  ,1,0,pooled,eicu
0.5,0.30908353424615986,attn  ,1,1,pooled,eicu
0.0,0.3150514429906372,attn  ,1,2,pooled,eicu
0.5,0.3023860512531207,attn  ,1,3,pooled,eicu
0.5,0.3030109041901494,attn  ,1,4,pooled,eicu
0.5,0.3115843454790823,attn  ,1,5,pooled,eicu
0.5,0.3075606177759273,attn  ,1,6,pooled,eicu
0.5,0.304940210448685,attn  ,1,7,pooled,eicu
0.5,0.30835254009411317,attn  ,1,8,pooled,eicu
0.5,0.30280883466489467,attn  ,1,9,pooled,eicu
2.25,0.292234292766988,attn  ,2,0,pooled,eicu
2.0,0.30392631041996765,attn  ,2,1,pooled,eicu
2.25,0.30016734119173466,attn  ,2,2,pooled,eicu
2.25,0.3038996038088889,attn  ,2,3,pooled,eicu
2.0,0.3027030570478383,attn  ,2,4,pooled,eicu
2.0,0.30942496135511144,attn  ,2,5,pooled,eicu
2.0,0.30740674077879915,attn  ,2,6,pooled,eicu
2.25,0.29884326200115674,attn  ,2,7,pooled,eicu
2.0,0.30070459442147557,attn  ,2,8,pooled,eicu
2.0,0.31077964895126486,attn  ,2,9,pooled,eicu
0.5,0.32067727833460724,attn  ,3,0,pooled,eicu
0.5,0.32740189490886745,attn  ,3,1,pooled,eicu
0.5,0.3288535837996269,attn  ,3,2,pooled,eicu
0.5,0.33202078472042174,attn  ,3,3,pooled,eicu
0.5,0.3306803725040225,attn  ,3,4,pooled,eicu
0.5,0.32837194982070195,attn  ,3,5,pooled,eicu
0.5,0.3328352041283088,attn  ,3,6,pooled,eicu
0.5,0.3290178740557209,attn  ,3,7,pooled,eicu
0.5,0.33045776262688026,attn  ,3,8,pooled,eicu
0.5,0.3288674536082708,attn  ,3,9,pooled,eicu
1.25,0.3002638586479532,attn  ,4,0,pooled,eicu
1.5,0.3021322360364215,attn  ,4,1,pooled,eicu
1.5,0.3044389868805224,attn  ,4,2,pooled,eicu
1.5,0.30911182186987574,attn  ,4,3,pooled,eicu
1.0,0.30840675741163814,attn  ,4,4,pooled,eicu
1.25,0.308548886447618,attn  ,4,5,pooled,eicu
1.25,0.3109595046925549,attn  ,4,6,pooled,eicu
0.5,0.3160074552542469,attn  ,4,7,pooled,eicu
1.25,0.3068993695400333,attn  ,4,8,pooled,eicu
1.5,0.299566042030195,attn  ,4,9,pooled,eicu
3.5,0.27953104818678587,gru   ,0,0,pooled,eicu
3.5,0.2780156460047021,gru   ,0,1,pooled,eicu
3.5,0.27854618690628674,gru   ,0,2,pooled,eicu
3.5,0.28483148440782624,gru   ,0,3,pooled,eicu
3.5,0.28657528067361665,gru   ,0,4,pooled,eicu
3.5,0.280110624378457,gru   ,0,5,pooled,eicu
3.5,0.29438848739707396,gru   ,0,6,pooled,eicu
3.5,0.28083107024350423,gru   ,0,7,pooled,eicu
3.5,0.27871574528100757,gru   ,0,8,pooled,eicu
4.0,0.27945237115324206,gru   ,0,9,pooled,eicu
2.5,0.3099407163580026,gru   ,1,0,pooled,eicu
2.5,0.3131506082829389,gru   ,1,1,pooled,eicu
2.5,0.3183967385283495,gru   ,1,2,pooled,eicu
2.5,0.3172648329060717,gru   ,1,3,pooled,eicu
2.5,0.31884963322014565,gru   ,1,4,pooled,eicu
2.5,0.31275504388464603,gru   ,1,5,pooled,eicu
2.75,0.32283323798626995,gru   ,1,6,pooled,eicu
3.5,0.3056537557551756,gru   ,1,7,pooled,eicu
2.5,0.3175627030285682,gru   ,1,8,pooled,eicu
3.0,0.31704867006225235,gru   ,1,9,pooled,eicu
2.5,0.291678788045119,gru   ,2,0,pooled,eicu
2.5,0.3031328205263296,gru   ,2,1,pooled,eicu
3.0,0.29796973690707235,gru   ,2,2,pooled,eicu
2.5,0.3058530894657798,gru   ,2,3,pooled,eicu
2.0,0.3058521135899127,gru   ,2,4,pooled,eicu
2.5,0.29960935791101695,gru   ,2,5,pooled,eicu
3.0,0.3029173593607551,gru   ,2,6,pooled,eicu
2.5,0.30199618765222913,gru   ,2,7,pooled,eicu
3.0,0.29733424082581816,gru   ,2,8,pooled,eicu
2.5,0.3076469403217415,gru   ,2,9,pooled,eicu
4.5,0.2889434769523592,gru   ,3,0,pooled,eicu
4.5,0.3040864632237872,gru   ,3,1,pooled,eicu
4.5,0.299780040264452,gru   ,3,2,pooled,eicu
4.5,0.30100833565036794,gru   ,3,3,pooled,eicu
4.5,0.2984981063565406,gru   ,3,4,pooled,eicu
4.5,0.29444223227752636,gru   ,3,5,pooled,eicu
4.5,0.3015420988948122,gru   ,3,6,pooled,eicu
4.5,0.3012883711853027,gru   ,3,7,pooled,eicu
4.5,0.29881260180228086,gru   ,3,8,pooled,eicu
4.5,0.30545268644247436,gru   ,3,9,pooled,eicu
2.5,0.2930582954852222,gru   ,4,0,pooled,eicu
2.0,0.30099827611461016,gru   ,4,1,pooled,eicu
2.5,0.2963347084875325,gru   ,4,2,pooled,eicu
2.5,0.301527856290434,gru   ,4,3,pooled,eicu
2.5,0.3020927665659061,gru   ,4,4,pooled,eicu
2.5,0.29873140474470283,gru   ,4,5,pooled,eicu
2.0,0.3065068023881765,gru   ,4,6,pooled,eicu
2.5,0.3015394336984474,gru   ,4,7,pooled,eicu
2.5,0.30002264202768636,gru   ,4,8,pooled,eicu
2.0,0.3077992059175958,gru   ,4,9,pooled,eicu
3.5,0.27058014586051415,lgbm  ,0,0,pooled,eicu
3.0,0.28158105804899236,lgbm  ,0,1,pooled,eicu
3.25,0.27663471714605226,lgbm  ,0,2,pooled,eicu
3.0,0.28226114796388424,lgbm  ,0,3,pooled,eicu
3.0,0.28342753806039195,lgbm  ,0,4,pooled,eicu
3.0,0.28132758557823934,lgbm  ,0,5,pooled,eicu
3.0,0.28030269291291826,lgbm  ,0,6,pooled,eicu
3.0,0.282373518116547,lgbm  ,0,7,pooled,eicu
3.0,0.2822823039957284,lgbm  ,0,8,pooled,eicu
3.0,0.28419083309984117,lgbm  ,0,9,pooled,eicu
6.0,0.2525228967740393,lgbm  ,1,0,pooled,eicu
6.0,0.25380268853953064,lgbm  ,1,1,pooled,eicu
6.0,0.2529597977634158,lgbm  ,1,2,pooled,eicu
6.0,0.2549110343717534,lgbm  ,1,3,pooled,eicu
6.0,0.2558811677574444,lgbm  ,1,4,pooled,eicu
6.0,0.25397671799066857,lgbm  ,1,5,pooled,eicu
6.0,0.25577761129751664,lgbm  ,1,6,pooled,eicu
6.0,0.2572740434410462,lgbm  ,1,7,pooled,eicu
6.0,0.2577280204793071,lgbm  ,1,8,pooled,eicu
6.0,0.2580754590569667,lgbm  ,1,9,pooled,eicu
6.0,0.25398208018407675,lgbm  ,2,0,pooled,eicu
6.0,0.2549962336719817,lgbm  ,2,1,pooled,eicu
6.0,0.258765589569161,lgbm  ,2,2,pooled,eicu
6.0,0.25803732202972784,lgbm  ,2,3,pooled,eicu
6.0,0.2573548652386827,lgbm  ,2,4,pooled,eicu
6.0,0.2602874019775137,lgbm  ,2,5,pooled,eicu
6.0,0.25620747631606905,lgbm  ,2,6,pooled,eicu
6.0,0.26100926382532447,lgbm  ,2,7,pooled,eicu
6.0,0.2585899758454106,lgbm  ,2,8,pooled,eicu
6.0,0.26091994545610864,lgbm  ,2,9,pooled,eicu
4.0,0.26691350363463384,lgbm  ,3,0,pooled,eicu
4.0,0.2682488773231942,lgbm  ,3,1,pooled,eicu
4.0,0.2696866561353898,lgbm  ,3,2,pooled,eicu
4.0,0.27111915424348304,lgbm  ,3,3,pooled,eicu
4.0,0.27035666200730885,lgbm  ,3,4,pooled,eicu
4.0,0.2673687141169476,lgbm  ,3,5,pooled,eicu
4.0,0.2711231789117934,lgbm  ,3,6,pooled,eicu
4.0,0.2715092170904658,lgbm  ,3,7,pooled,eicu
4.0,0.2750670312458521,lgbm  ,3,8,pooled,eicu
4.0,0.27590985779705957,lgbm  ,3,9,pooled,eicu
4.0,0.27238309205028544,lgbm  ,4,0,pooled,eicu
4.0,0.2759910032063041,lgbm  ,4,1,pooled,eicu
4.0,0.2728112258257584,lgbm  ,4,2,pooled,eicu
4.0,0.2775497615714929,lgbm  ,4,3,pooled,eicu
4.0,0.2700758173661994,lgbm  ,4,4,pooled,eicu
4.0,0.27776661741707487,lgbm  ,4,5,pooled,eicu
4.0,0.27678563268290446,lgbm  ,4,6,pooled,eicu
4.0,0.2784448410864334,lgbm  ,4,7,pooled,eicu
4.0,0.28063403864758263,lgbm  ,4,8,pooled,eicu
4.0,0.2789389639486727,lgbm  ,4,9,pooled,eicu
6.0,0.2805338985315535,lr    ,0,0,pooled,eicu
6.0,0.28791920016514655,lr    ,0,1,pooled,eicu
6.0,0.285021118869063,lr    ,0,2,pooled,eicu
6.0,0.2862866893723016,lr    ,0,3,pooled,eicu
6.0,0.28662240478697804,lr    ,0,4,pooled,eicu
6.0,0.28576281055900615,lr    ,0,5,pooled,eicu
6.0,0.2862978232381217,lr    ,0,6,pooled,eicu
6.0,0.2886092582553562,lr    ,0,7,pooled,eicu
6.0,0.28761234137029845,lr    ,0,8,pooled,eicu
6.0,0.29106791286967315,lr    ,0,9,pooled,eicu
5.75,0.2805274837931224,lr    ,1,0,pooled,eicu
5.75,0.2853035098626575,lr    ,1,1,pooled,eicu
5.75,0.28505672475880833,lr    ,1,2,pooled,eicu
5.75,0.2844406242626487,lr    ,1,3,pooled,eicu
5.75,0.28570076326531996,lr    ,1,4,pooled,eicu
5.75,0.2850512218076931,lr    ,1,5,pooled,eicu
5.75,0.2859160902040524,lr    ,1,6,pooled,eicu
5.75,0.28550429657032816,lr    ,1,7,pooled,eicu
5.75,0.2886324192988545,lr    ,1,8,pooled,eicu
5.75,0.2889776669067326,lr    ,1,9,pooled,eicu
5.0,0.2786643582049669,lr    ,2,0,pooled,eicu
5.0,0.2853551407270415,lr    ,2,1,pooled,eicu
5.0,0.28482937474045905,lr    ,2,2,pooled,eicu
5.0,0.2856218025642645,lr    ,2,3,pooled,eicu
5.0,0.28503580377643345,lr    ,2,4,pooled,eicu
5.0,0.2839628531293896,lr    ,2,5,pooled,eicu
5.0,0.2831865326679392,lr    ,2,6,pooled,eicu
5.0,0.2866854742915323,lr    ,2,7,pooled,eicu
5.0,0.2866854742915323,lr    ,2,8,pooled,eicu
5.0,0.28812059903160836,lr    ,2,9,pooled,eicu
5.75,0.2745745754287311,lr    ,3,0,pooled,eicu
5.75,0.2839064953547591,lr    ,3,1,pooled,eicu
5.5,0.2826965741009587,lr    ,3,2,pooled,eicu
5.75,0.2821079393102454,lr    ,3,3,pooled,eicu
5.75,0.28305616734470407,lr    ,3,4,pooled,eicu
5.75,0.2821079393102454,lr    ,3,5,pooled,eicu
5.75,0.2823146031307524,lr    ,3,6,pooled,eicu
5.75,0.2831653011392157,lr    ,3,7,pooled,eicu
5.5,0.2861601141915064,lr    ,3,8,pooled,eicu
5.5,0.2868854791097155,lr    ,3,9,pooled,eicu
5.5,0.27815719094809477,lr    ,4,0,pooled,eicu
5.0,0.29041218637992827,lr    ,4,1,pooled,eicu
5.5,0.28375265570837527,lr    ,4,2,pooled,eicu
5.0,0.287519118631106,lr    ,4,3,pooled,eicu
5.0,0.2888378375119086,lr    ,4,4,pooled,eicu
5.5,0.2840907817252966,lr    ,4,5,pooled,eicu
5.0,0.29007027547060116,lr    ,4,6,pooled,eicu
5.0,0.29020591040593485,lr    ,4,7,pooled,eicu
5.5,0.2863347053565837,lr    ,4,8,pooled,eicu
5.5,0.2883276478091973,lr    ,4,9,pooled,eicu
10.25,0.2193844986113267,mews  ,0,0,pooled,eicu
10.25,0.21710195062327303,mews  ,0,1,pooled,eicu
10.25,0.21964616648516455,mews  ,0,2,pooled,eicu
10.25,0.22056481229316754,mews  ,0,3,pooled,eicu
10.25,0.21997922302886386,mews  ,0,4,pooled,eicu
10.25,0.22125155900607363,mews  ,0,5,pooled,eicu
10.25,0.2200101123670661,mews  ,0,6,pooled,eicu
10.25,0.221550396396602,mews  ,0,7,pooled,eicu
10.25,0.21904168442850325,mews  ,0,8,pooled,eicu
10.25,0.22201763576232564,mews  ,0,9,pooled,eicu
10.25,0.2193844986113267,mews  ,1,0,pooled,eicu
10.25,0.21710195062327303,mews  ,1,1,pooled,eicu
10.25,0.21964616648516455,mews  ,1,2,pooled,eicu
10.25,0.22056481229316754,mews  ,1,3,pooled,eicu
10.25,0.21997922302886386,mews  ,1,4,pooled,eicu
10.25,0.22125155900607363,mews  ,1,5,pooled,eicu
10.25,0.2200101123670661,mews  ,1,6,pooled,eicu
10.25,0.221550396396602,mews  ,1,7,pooled,eicu
10.25,0.21904168442850325,mews  ,1,8,pooled,eicu
10.25,0.22201763576232564,mews  ,1,9,pooled,eicu
10.25,0.2193844986113267,mews  ,2,0,pooled,eicu
10.25,0.21710195062327303,mews  ,2,1,pooled,eicu
10.25,0.21964616648516455,mews  ,2,2,pooled,eicu
10.25,0.22056481229316754,mews  ,2,3,pooled,eicu
10.25,0.21997922302886386,mews  ,2,4,pooled,eicu
10.25,0.22125155900607363,mews  ,2,5,pooled,eicu
10.25,0.2200101123670661,mews  ,2,6,pooled,eicu
10.25,0.221550396396602,mews  ,2,7,pooled,eicu
10.25,0.21904168442850325,mews  ,2,8,pooled,eicu
10.25,0.22201763576232564,mews  ,2,9,pooled,eicu
10.25,0.2193844986113267,mews  ,3,0,pooled,eicu
10.25,0.21710195062327303,mews  ,3,1,pooled,eicu
10.25,0.21964616648516455,mews  ,3,2,pooled,eicu
10.25,0.22056481229316754,mews  ,3,3,pooled,eicu
10.25,0.21997922302886386,mews  ,3,4,pooled,eicu
10.25,0.22125155900607363,mews  ,3,5,pooled,eicu
10.25,0.2200101123670661,mews  ,3,6,pooled,eicu
10.25,0.221550396396602,mews  ,3,7,pooled,eicu
10.25,0.21904168442850325,mews  ,3,8,pooled,eicu
10.25,0.22201763576232564,mews  ,3,9,pooled,eicu
10.25,0.2193844986113267,mews  ,4,0,pooled,eicu
10.25,0.21710195062327303,mews  ,4,1,pooled,eicu
10.25,0.21964616648516455,mews  ,4,2,pooled,eicu
10.25,0.22056481229316754,mews  ,4,3,pooled,eicu
10.25,0.21997922302886386,mews  ,4,4,pooled,eicu
10.25,0.22125155900607363,mews  ,4,5,pooled,eicu
10.25,0.2200101123670661,mews  ,4,6,pooled,eicu
10.25,0.221550396396602,mews  ,4,7,pooled,eicu
10.25,0.21904168442850325,mews  ,4,8,pooled,eicu
10.25,0.22201763576232564,mews  ,4,9,pooled,eicu
9.25,0.23786317737892887,news  ,0,0,pooled,eicu
9.25,0.23713054027547942,news  ,0,1,pooled,eicu
9.25,0.2360358589721797,news  ,0,2,pooled,eicu
9.25,0.23743222776846762,news  ,0,3,pooled,eicu
9.25,0.23839955913758776,news  ,0,4,pooled,eicu
9.25,0.2390478982582451,news  ,0,5,pooled,eicu
9.25,0.23326066834488185,news  ,0,6,pooled,eicu
9.25,0.24037540635029558,news  ,0,7,pooled,eicu
9.25,0.24196237925302083,news  ,0,8,pooled,eicu
9.25,0.24393585685935842,news  ,0,9,pooled,eicu
9.25,0.23786317737892887,news  ,1,0,pooled,eicu
9.25,0.23713054027547942,news  ,1,1,pooled,eicu
9.25,0.2360358589721797,news  ,1,2,pooled,eicu
9.25,0.23743222776846762,news  ,1,3,pooled,eicu
9.25,0.23839955913758776,news  ,1,4,pooled,eicu
9.25,0.2390478982582451,news  ,1,5,pooled,eicu
9.25,0.23326066834488185,news  ,1,6,pooled,eicu
9.25,0.24037540635029558,news  ,1,7,pooled,eicu
9.25,0.24196237925302083,news  ,1,8,pooled,eicu
9.25,0.24393585685935842,news  ,1,9,pooled,eicu
9.25,0.23786317737892887,news  ,2,0,pooled,eicu
9.25,0.23713054027547942,news  ,2,1,pooled,eicu
9.25,0.2360358589721797,news  ,2,2,pooled,eicu
9.25,0.23743222776846762,news  ,2,3,pooled,eicu
9.25,0.23839955913758776,news  ,2,4,pooled,eicu
9.25,0.2390478982582451,news  ,2,5,pooled,eicu
9.25,0.23326066834488185,news  ,2,6,pooled,eicu
9.25,0.24037540635029558,news  ,2,7,pooled,eicu
9.25,0.24196237925302083,news  ,2,8,pooled,eicu
9.25,0.24393585685935842,news  ,2,9,pooled,eicu
9.25,0.23786317737892887,news  ,3,0,pooled,eicu
9.25,0.23713054027547942,news  ,3,1,pooled,eicu
9.25,0.2360358589721797,news  ,3,2,pooled,eicu
9.25,0.23743222776846762,news  ,3,3,pooled,eicu
9.25,0.23839955913758776,news  ,3,4,pooled,eicu
9.25,0.2390478982582451,news  ,3,5,pooled,eicu
9.25,0.23326066834488185,news  ,3,6,pooled,eicu
9.25,0.24037540635029558,news  ,3,7,pooled,eicu
9.25,0.24196237925302083,news  ,3,8,pooled,eicu
9.25,0.24393585685935842,news  ,3,9,pooled,eicu
9.25,0.23786317737892887,news  ,4,0,pooled,eicu
9.25,0.23713054027547942,news  ,4,1,pooled,eicu
9.25,0.2360358589721797,news  ,4,2,pooled,eicu
9.25,0.23743222776846762,news  ,4,3,pooled,eicu
9.25,0.23839955913758776,news  ,4,4,pooled,eicu
9.25,0.2390478982582451,news  ,4,5,pooled,eicu
9.25,0.23326066834488185,news  ,4,6,pooled,eicu
9.25,0.24037540635029558,news  ,4,7,pooled,eicu
9.25,0.24196237925302083,news  ,4,8,pooled,eicu
9.25,0.24393585685935842,news  ,4,9,pooled,eicu
8.0,0.2526115921556317,qsofa ,0,0,pooled,eicu
8.0,0.24884553944562177,qsofa ,0,1,pooled,eicu
8.0,0.25204279902500804,qsofa ,0,2,pooled,eicu
8.0,0.25298923987213995,qsofa ,0,3,pooled,eicu
8.0,0.2517278271566436,qsofa ,0,4,pooled,eicu
8.0,0.25257836990595606,qsofa ,0,5,pooled,eicu
8.0,0.2586580438732069,qsofa ,0,6,pooled,eicu
8.0,0.25905195549531024,qsofa ,0,7,pooled,eicu
8.0,0.2584059668428029,qsofa ,0,8,pooled,eicu
8.0,0.25584017562882533,qsofa ,0,9,pooled,eicu
8.0,0.2526115921556317,qsofa ,1,0,pooled,eicu
8.0,0.24884553944562177,qsofa ,1,1,pooled,eicu
8.0,0.25204279902500804,qsofa ,1,2,pooled,eicu
8.0,0.25298923987213995,qsofa ,1,3,pooled,eicu
8.0,0.2517278271566436,qsofa ,1,4,pooled,eicu
8.0,0.25257836990595606,qsofa ,1,5,pooled,eicu
8.0,0.2586580438732069,qsofa ,1,6,pooled,eicu
8.0,0.25905195549531024,qsofa ,1,7,pooled,eicu
8.0,0.2584059668428029,qsofa ,1,8,pooled,eicu
8.0,0.25584017562882533,qsofa ,1,9,pooled,eicu
8.0,0.2526115921556317,qsofa ,2,0,pooled,eicu
8.0,0.24884553944562177,qsofa ,2,1,pooled,eicu
8.0,0.25204279902500804,qsofa ,2,2,pooled,eicu
8.0,0.25298923987213995,qsofa ,2,3,pooled,eicu
8.0,0.2517278271566436,qsofa ,2,4,pooled,eicu
8.0,0.25257836990595606,qsofa ,2,5,pooled,eicu
8.0,0.2586580438732069,qsofa ,2,6,pooled,eicu
8.0,0.25905195549531024,qsofa ,2,7,pooled,eicu
8.0,0.2584059668428029,qsofa ,2,8,pooled,eicu
8.0,0.25584017562882533,qsofa ,2,9,pooled,eicu
8.0,0.2526115921556317,qsofa ,3,0,pooled,eicu
8.0,0.24884553944562177,qsofa ,3,1,pooled,eicu
8.0,0.25204279902500804,qsofa ,3,2,pooled,eicu
8.0,0.25298923987213995,qsofa ,3,3,pooled,eicu
8.0,0.2517278271566436,qsofa ,3,4,pooled,eicu
8.0,0.25257836990595606,qsofa ,3,5,pooled,eicu
8.0,0.2586580438732069,qsofa ,3,6,pooled,eicu
8.0,0.25905195549531024,qsofa ,3,7,pooled,eicu
8.0,0.2584059668428029,qsofa ,3,8,pooled,eicu
8.0,0.25584017562882533,qsofa ,3,9,pooled,eicu
8.0,0.2526115921556317,qsofa ,4,0,pooled,eicu
8.0,0.24884553944562177,qsofa ,4,1,pooled,eicu
8.0,0.25204279902500804,qsofa ,4,2,pooled,eicu
8.0,0.25298923987213995,qsofa ,4,3,pooled,eicu
8.0,0.2517278271566436,qsofa ,4,4,pooled,eicu
8.0,0.25257836990595606,qsofa ,4,5,pooled,eicu
8.0,0.2586580438732069,qsofa ,4,6,pooled,eicu
8.0,0.25905195549531024,qsofa ,4,7,pooled,eicu
8.0,0.2584059668428029,qsofa ,4,8,pooled,eicu
8.0,0.25584017562882533,qsofa ,4,9,pooled,eicu
8.0,0.26599443187750127,sirs  ,0,0,pooled,eicu
8.0,0.26933534743202414,sirs  ,0,1,pooled,eicu
8.0,0.270206564951112,sirs  ,0,2,pooled,eicu
8.0,0.2709033931818837,sirs  ,0,3,pooled,eicu
8.0,0.268390095513625,sirs  ,0,4,pooled,eicu
8.0,0.2711870839025871,sirs  ,0,5,pooled,eicu
8.0,0.27000004462552485,sirs  ,0,6,pooled,eicu
8.0,0.2681960820426364,sirs  ,0,7,pooled,eicu
8.0,0.26856448810241496,sirs  ,0,8,pooled,eicu
8.0,0.2752174300381964,sirs  ,0,9,pooled,eicu
8.0,0.26599443187750127,sirs  ,1,0,pooled,eicu
8.0,0.26933534743202414,sirs  ,1,1,pooled,eicu
8.0,0.270206564951112,sirs  ,1,2,pooled,eicu
8.0,0.2709033931818837,sirs  ,1,3,pooled,eicu
8.0,0.268390095513625,sirs  ,1,4,pooled,eicu
8.0,0.2711870839025871,sirs  ,1,5,pooled,eicu
8.0,0.27000004462552485,sirs  ,1,6,pooled,eicu
8.0,0.2681960820426364,sirs  ,1,7,pooled,eicu
8.0,0.26856448810241496,sirs  ,1,8,pooled,eicu
8.0,0.2752174300381964,sirs  ,1,9,pooled,eicu
8.0,0.26599443187750127,sirs  ,2,0,pooled,eicu
8.0,0.26933534743202414,sirs  ,2,1,pooled,eicu
8.0,0.270206564951112,sirs  ,2,2,pooled,eicu
8.0,0.2709033931818837,sirs  ,2,3,pooled,eicu
8.0,0.268390095513625,sirs  ,2,4,pooled,eicu
8.0,0.2711870839025871,sirs  ,2,5,pooled,eicu
8.0,0.27000004462552485,sirs  ,2,6,pooled,eicu
8.0,0.2681960820426364,sirs  ,2,7,pooled,eicu
8.0,0.26856448810241496,sirs  ,2,8,pooled,eicu
8.0,0.2752174300381964,sirs  ,2,9,pooled,eicu
8.0,0.26599443187750127,sirs  ,3,0,pooled,eicu
8.0,0.26933534743202414,sirs  ,3,1,pooled,eicu
8.0,0.270206564951112,sirs  ,3,2,pooled,eicu
8.0,0.2709033931818837,sirs  ,3,3,pooled,eicu
8.0,0.268390095513625,sirs  ,3,4,pooled,eicu
8.0,0.2711870839025871,sirs  ,3,5,pooled,eicu
8.0,0.27000004462552485,sirs  ,3,6,pooled,eicu
8.0,0.2681960820426364,sirs  ,3,7,pooled,eicu
8.0,0.26856448810241496,sirs  ,3,8,pooled,eicu
8.0,0.2752174300381964,sirs  ,3,9,pooled,eicu
8.0,0.26599443187750127,sirs  ,4,0,pooled,eicu
8.0,0.26933534743202414,sirs  ,4,1,pooled,eicu
8.0,0.270206564951112,sirs  ,4,2,pooled,eicu
8.0,0.2709033931818837,sirs  ,4,3,pooled,eicu
8.0,0.268390095513625,sirs  ,4,4,pooled,eicu
8.0,0.2711870839025871,sirs  ,4,5,pooled,eicu
8.0,0.27000004462552485,sirs  ,4,6,pooled,eicu
8.0,0.2681960820426364,sirs  ,4,7,pooled,eicu
8.0,0.26856448810241496,sirs  ,4,8,pooled,eicu
8.0,0.2752174300381964,sirs  ,4,9,pooled,eicu
3.75,0.2622838800245776,sofa  ,0,0,pooled,eicu
3.75,0.2653031780684645,sofa  ,0,1,pooled,eicu
3.75,0.2633918491758862,sofa  ,0,2,pooled,eicu
3.75,0.26488860975409567,sofa  ,0,3,pooled,eicu
3.75,0.2676084542425953,sofa  ,0,4,pooled,eicu
3.75,0.2684752809879448,sofa  ,0,5,pooled,eicu
3.75,0.2651247093807688,sofa  ,0,6,pooled,eicu
3.75,0.2703145493592529,sofa  ,0,7,pooled,eicu
3.75,0.2701115793934936,sofa  ,0,8,pooled,eicu
3.75,0.26831146070706235,sofa  ,0,9,pooled,eicu
3.75,0.2622838800245776,sofa  ,1,0,pooled,eicu
3.75,0.2653031780684645,sofa  ,1,1,pooled,eicu
3.75,0.2633918491758862,sofa  ,1,2,pooled,eicu
3.75,0.26488860975409567,sofa  ,1,3,pooled,eicu
3.75,0.2676084542425953,sofa  ,1,4,pooled,eicu
3.75,0.2684752809879448,sofa  ,1,5,pooled,eicu
3.75,0.2651247093807688,sofa  ,1,6,pooled,eicu
3.75,0.2703145493592529,sofa  ,1,7,pooled,eicu
3.75,0.2701115793934936,sofa  ,1,8,pooled,eicu
3.75,0.26831146070706235,sofa  ,1,9,pooled,eicu
3.75,0.2622838800245776,sofa  ,2,0,pooled,eicu
3.75,0.2653031780684645,sofa  ,2,1,pooled,eicu
3.75,0.2633918491758862,sofa  ,2,2,pooled,eicu
3.75,0.26488860975409567,sofa  ,2,3,pooled,eicu
3.75,0.2676084542425953,sofa  ,2,4,pooled,eicu
3.75,0.2684752809879448,sofa  ,2,5,pooled,eicu
3.75,0.2651247093807688,sofa  ,2,6,pooled,eicu
3.75,0.2703145493592529,sofa  ,2,7,pooled,eicu
3.75,0.2701115793934936,sofa  ,2,8,pooled,eicu
3.75,0.26831146070706235,sofa  ,2,9,pooled,eicu
3.75,0.2622838800245776,sofa  ,3,0,pooled,eicu
3.75,0.2653031780684645,sofa  ,3,1,pooled,eicu
3.75,0.2633918491758862,sofa  ,3,2,pooled,eicu
3.75,0.26488860975409567,sofa  ,3,3,pooled,eicu
3.75,0.2676084542425953,sofa  ,3,4,pooled,eicu
3.75,0.2684752809879448,sofa  ,3,5,pooled,eicu
3.75,0.2651247093807688,sofa  ,3,6,pooled,eicu
3.75,0.2703145493592529,sofa  ,3,7,pooled,eicu
3.75,0.2701115793934936,sofa  ,3,8,pooled,eicu
3.75,0.26831146070706235,sofa  ,3,9,pooled,eicu
3.75,0.2622838800245776,sofa  ,4,0,pooled,eicu
3.75,0.2653031780684645,sofa  ,4,1,pooled,eicu
3.75,0.2633918491758862,sofa  ,4,2,pooled,eicu
3.75,0.26488860975409567,sofa  ,4,3,pooled,eicu
3.75,0.2676084542425953,sofa  ,4,4,pooled,eicu
3.75,0.2684752809879448,sofa  ,4,5,pooled,eicu
3.75,0.2651247093807688,sofa  ,4,6,pooled,eicu
3.75,0.2703145493592529,sofa  ,4,7,pooled,eicu
3.75,0.2701115793934936,sofa  ,4,8,pooled,eicu
3.75,0.26831146070706235,sofa  ,4,9,pooled,eicu
1.5,0.2757109813520928,attn  ,0,0,pooled,hirid
1.0,0.2832059706941471,attn  ,0,1,pooled,hirid
1.0,0.2805155959498682,attn  ,0,2,pooled,hirid
1.0,0.27072050098298217,attn  ,0,3,pooled,hirid
1.25,0.2744950486411028,attn  ,0,4,pooled,hirid
1.0,0.27235061800628974,attn  ,0,5,pooled,hirid
1.5,0.26041028365576024,attn  ,0,6,pooled,hirid
1.5,0.2692424009960876,attn  ,0,7,pooled,hirid
1.0,0.2729344852085869,attn  ,0,8,pooled,hirid
1.0,0.27203002730420395,attn  ,0,9,pooled,hirid
1.0,0.30266947739379957,attn  ,1,0,pooled,hirid
0.0,0.317149012174311,attn  ,1,1,pooled,hirid
0.0,0.3140957681774008,attn  ,1,2,pooled,hirid
1.0,0.3022964956681262,attn  ,1,3,pooled,hirid
1.0,0.3020101849370142,attn  ,1,4,pooled,hirid
0.0,0.29936048856369185,attn  ,1,5,pooled,hirid
1.0,0.2864400246685168,attn  ,1,6,pooled,hirid
0.0,0.2986949149485001,attn  ,1,7,pooled,hirid
0.0,0.31405919598050497,attn  ,1,8,pooled,hirid
0.0,0.31372489899294453,attn  ,1,9,pooled,hirid
2.5,0.2974322233415775,attn  ,2,0,pooled,hirid
2.0,0.3034662066881547,attn  ,2,1,pooled,hirid
2.5,0.2970860314523589,attn  ,2,2,pooled,hirid
4.25,0.28479430988081506,attn  ,2,3,pooled,hirid
2.5,0.2974509588640023,attn  ,2,4,pooled,hirid
3.0,0.2838602338882936,attn  ,2,5,pooled,hirid
4.0,0.27376857692238565,attn  ,2,6,pooled,hirid
3.5,0.2870890442014976,attn  ,2,7,pooled,hirid
3.5,0.28772738487764393,attn  ,2,8,pooled,hirid
3.0,0.2994434012387461,attn  ,2,9,pooled,hirid
0.5,0.2946204525359841,attn  ,3,0,pooled,hirid
0.5,0.30328685915856557,attn  ,3,1,pooled,hirid
1.0,0.28337907375643223,attn  ,3,2,pooled,hirid
0.5,0.29816723339230033,attn  ,3,3,pooled,hirid
1.0,0.29613606001438697,attn  ,3,4,pooled,hirid
1.0,0.2851834538705109,attn  ,3,5,pooled,hirid
0.5,0.2845928351932719,attn  ,3,6,pooled,hirid
1.0,0.28492152856410874,attn  ,3,7,pooled,hirid
0.0,0.30323926620858094,attn  ,3,8,pooled,hirid
0.0,0.2982643221982004,attn  ,3,9,pooled,hirid
0.5,0.29630176368179345,attn  ,4,0,pooled,hirid
0.5,0.2966373335328705,attn  ,4,1,pooled,hirid
0.5,0.29466313763233876,attn  ,4,2,pooled,hirid
0.5,0.2949855717831108,attn  ,4,3,pooled,hirid
1.0,0.27917988149202466,attn  ,4,4,pooled,hirid
0.5,0.2809628880512396,attn  ,4,5,pooled,hirid
1.0,0.2748952827366111,attn  ,4,6,pooled,hirid
0.75,0.2785888228671842,attn  ,4,7,pooled,hirid
0.5,0.28014147464442324,attn  ,4,8,pooled,hirid
0.0,0.2939874638379942,attn  ,4,9,pooled,hirid
0.5,0.32216347728442424,gru   ,0,0,pooled,hirid
0.0,0.3333986612796237,gru   ,0,1,pooled,hirid
1.0,0.3022635543097102,gru   ,0,2,pooled,hirid
2.0,0.30117641894561253,gru   ,0,3,pooled,hirid
0.0,0.321510606182139,gru   ,0,4,pooled,hirid
1.0,0.2939752486383683,gru   ,0,5,pooled,hirid
0.5,0.30218234399442195,gru   ,0,6,pooled,hirid
1.0,0.30361335674086276,gru   ,0,7,pooled,hirid
0.5,0.3035186024918486,gru   ,0,8,pooled,hirid
1.0,0.3079047014990562,gru   ,0,9,pooled,hirid
1.0,0.31258061666224934,gru   ,1,0,pooled,hirid
0.5,0.32450760152753855,gru   ,1,1,pooled,hirid
1.0,0.30304046175373134,gru   ,1,2,pooled,hirid
2.25,0.3023745177445367,gru   ,1,3,pooled,hirid
1.0,0.313950077728566,gru   ,1,4,pooled,hirid
2.0,0.2827571484434229,gru   ,1,5,pooled,hirid
1.5,0.2973484469916539,gru   ,1,6,pooled,hirid
1.0,0.30306152192527,gru   ,1,7,pooled,hirid
1.0,0.3007109896082673,gru   ,1,8,pooled,hirid
1.0,0.303051627154927,gru   ,1,9,pooled,hirid
2.0,0.32214621478106953,gru   ,2,0,pooled,hirid
1.5,0.3332576259946949,gru   ,2,1,pooled,hirid
1.5,0.32406424264872313,gru   ,2,2,pooled,hirid
3.0,0.3117079754434072,gru   ,2,3,pooled,hirid
1.75,0.32917738047632983,gru   ,2,4,pooled,hirid
3.0,0.2862443440380651,gru   ,2,5,pooled,hirid
2.0,0.31168065272375334,gru   ,2,6,pooled,hirid
2.0,0.32131032250837077,gru   ,2,7,pooled,hirid
2.0,0.31235916860916857,gru   ,2,8,pooled,hirid
2.0,0.3199145723775688,gru   ,2,9,pooled,hirid
1.0,0.31754869457107326,gru   ,3,0,pooled,hirid
0.0,0.33649862711533374,gru   ,3,1,pooled,hirid
1.5,0.3058291253992202,gru   ,3,2,pooled,hirid
2.0,0.3051731703145103,gru   ,3,3,pooled,hirid
1.0,0.3068377262411518,gru   ,3,4,pooled,hirid
2.0,0.2915792423915168,gru   ,3,5,pooled,hirid
1.0,0.3028133882801539,gru   ,3,6,pooled,hirid
1.5,0.3041600198402523,gru   ,3,7,pooled,hirid
1.0,0.29847188220431525,gru   ,3,8,pooled,hirid
1.5,0.30615618079290874,gru   ,3,9,pooled,hirid
1.0,0.2991360352416766,gru   ,4,0,pooled,hirid
0.0,0.31705762965497025,gru   ,4,1,pooled,hirid
0.5,0.3045223000483744,gru   ,4,2,pooled,hirid
1.0,0.29652841781874034,gru   ,4,3,pooled,hirid
0.0,0.31464434303444244,gru   ,4,4,pooled,hirid
1.0,0.29034856448844526,gru   ,4,5,pooled,hirid
1.0,0.2910052865878298,gru   ,4,6,pooled,hirid
0.5,0.29717790336005606,gru   ,4,7,pooled,hirid
0.5,0.29586867127012545,gru   ,4,8,pooled,hirid
0.5,0.30654373284495334,gru   ,4,9,pooled,hirid
1.0,0.2813179383159099,lgbm  ,0,0,pooled,hirid
1.0,0.27242909668119014,lgbm  ,0,1,pooled,hirid
1.5,0.2576062744887553,lgbm  ,0,2,pooled,hirid
2.0,0.2570510899318667,lgbm  ,0,3,pooled,hirid
0.0,0.2854621843877368,lgbm  ,0,4,pooled,hirid
1.0,0.26691380777663176,lgbm  ,0,5,pooled,hirid
1.0,0.26652187435939123,lgbm  ,0,6,pooled,hirid
1.0,0.2637679049234847,lgbm  ,0,7,pooled,hirid
0.5,0.2754091300602929,lgbm  ,0,8,pooled,hirid
0.5,0.2766099682028885,lgbm  ,0,9,pooled,hirid
1.0,0.2785597724729578,lgbm  ,1,0,pooled,hirid
0.0,0.28586297570696434,lgbm  ,1,1,pooled,hirid
0.0,0.27567212079760084,lgbm  ,1,2,pooled,hirid
0.0,0.27630487074715593,lgbm  ,1,3,pooled,hirid
0.0,0.28586297570696434,lgbm  ,1,4,pooled,hirid
0.0,0.2788665720991732,lgbm  ,1,5,pooled,hirid
1.0,0.26718928710972184,lgbm  ,1,6,pooled,hirid
0.0,0.2779160847653166,lgbm  ,1,7,pooled,hirid
0.0,0.27505319172964593,lgbm  ,1,8,pooled,hirid
0.5,0.2737929205625834,lgbm  ,1,9,pooled,hirid
3.5,0.24584926626793474,lgbm  ,2,0,pooled,hirid
1.5,0.2461452399095274,lgbm  ,2,1,pooled,hirid
1.0,0.25615795778590866,lgbm  ,2,2,pooled,hirid
3.0,0.2418224007657389,lgbm  ,2,3,pooled,hirid
1.5,0.25824831401826565,lgbm  ,2,4,pooled,hirid
0.5,0.25522469691572003,lgbm  ,2,5,pooled,hirid
2.75,0.24066567863994448,lgbm  ,2,6,pooled,hirid
2.0,0.24128253856012724,lgbm  ,2,7,pooled,hirid
1.0,0.24400444970961305,lgbm  ,2,8,pooled,hirid
2.25,0.24345464939024392,lgbm  ,2,9,pooled,hirid
3.0,0.25993110230959593,lgbm  ,3,0,pooled,hirid
1.0,0.27426794706746666,lgbm  ,3,1,pooled,hirid
1.5,0.2644910185458942,lgbm  ,3,2,pooled,hirid
2.0,0.264088920643277,lgbm  ,3,3,pooled,hirid
1.0,0.278534993725263,lgbm  ,3,4,pooled,hirid
1.0,0.27038273000685314,lgbm  ,3,5,pooled,hirid
2.0,0.26392772865072767,lgbm  ,3,6,pooled,hirid
1.5,0.26316156907698846,lgbm  ,3,7,pooled,hirid
1.0,0.2722356331244739,lgbm  ,3,8,pooled,hirid
1.0,0.2647195608740808,lgbm  ,3,9,pooled,hirid
2.0,0.2672843537610254,lgbm  ,4,0,pooled,hirid
1.0,0.2673933156340148,lgbm  ,4,1,pooled,hirid
2.0,0.2635347753316714,lgbm  ,4,2,pooled,hirid
1.5,0.2678906904927383,lgbm  ,4,3,pooled,hirid
1.0,0.2735587583148559,lgbm  ,4,4,pooled,hirid
1.0,0.27320360062295546,lgbm  ,4,5,pooled,hirid
1.0,0.2682287455422876,lgbm  ,4,6,pooled,hirid
1.5,0.2729452912909974,lgbm  ,4,7,pooled,hirid
0.5,0.2730925578486554,lgbm  ,4,8,pooled,hirid
0.5,0.2725857734398106,lgbm  ,4,9,pooled,hirid
7.5,0.26286433159069666,lr    ,0,0,pooled,hirid
7.5,0.259566714503771,lr    ,0,1,pooled,hirid
7.0,0.2752742946708464,lr    ,0,2,pooled,hirid
8.0,0.25968788219241934,lr    ,0,3,pooled,hirid
7.5,0.26632629107981215,lr    ,0,4,pooled,hirid
7.5,0.26789146101768946,lr    ,0,5,pooled,hirid
8.0,0.2517700321718783,lr    ,0,6,pooled,hirid
7.5,0.25790242362043103,lr    ,0,7,pooled,hirid
7.0,0.27068449101726955,lr    ,0,8,pooled,hirid
8.0,0.25985746098386975,lr    ,0,9,pooled,hirid
8.0,0.24847904311813135,lr    ,1,0,pooled,hirid
7.0,0.2605809336566157,lr    ,1,1,pooled,hirid
7.0,0.2721082755665901,lr    ,1,2,pooled,hirid
7.5,0.26155600248116584,lr    ,1,3,pooled,hirid
7.0,0.27154748004769635,lr    ,1,4,pooled,hirid
7.0,0.26149137992429017,lr    ,1,5,pooled,hirid
8.0,0.2430030177892627,lr    ,1,6,pooled,hirid
7.0,0.25850722952644395,lr    ,1,7,pooled,hirid
7.0,0.2640064766382284,lr    ,1,8,pooled,hirid
8.0,0.26144028995651614,lr    ,1,9,pooled,hirid
8.0,0.235205132467591,lr    ,2,0,pooled,hirid
8.0,0.23700365236024534,lr    ,2,1,pooled,hirid
7.0,0.24980370622838238,lr    ,2,2,pooled,hirid
8.0,0.23885741019034745,lr    ,2,3,pooled,hirid
8.0,0.23885741019034745,lr    ,2,4,pooled,hirid
8.0,0.2376450358121339,lr    ,2,5,pooled,hirid
8.0,0.2280688729375038,lr    ,2,6,pooled,hirid
7.5,0.23454604869015844,lr    ,2,7,pooled,hirid
7.5,0.24111356965052055,lr    ,2,8,pooled,hirid
8.0,0.23821281364465435,lr    ,2,9,pooled,hirid
8.0,0.22809556475718978,lr    ,3,0,pooled,hirid
8.0,0.22730767753051728,lr    ,3,1,pooled,hirid
7.0,0.23495257296726785,lr    ,3,2,pooled,hirid
8.0,0.2263170312954949,lr    ,3,3,pooled,hirid
8.0,0.22714626351276884,lr    ,3,4,pooled,hirid
8.0,0.22514731115047332,lr    ,3,5,pooled,hirid
8.0,0.2210609353080559,lr    ,3,6,pooled,hirid
8.0,0.22742708544512102,lr    ,3,7,pooled,hirid
8.0,0.23226453959915566,lr    ,3,8,pooled,hirid
8.0,0.2265010042316431,lr    ,3,9,pooled,hirid
8.0,0.2305439056356487,lr    ,4,0,pooled,hirid
7.5,0.2353426707546919,lr    ,4,1,pooled,hirid
7.0,0.2462985450209578,lr    ,4,2,pooled,hirid
8.0,0.23554121772664185,lr    ,4,3,pooled,hirid
8.0,0.2277248577774992,lr    ,4,4,pooled,hirid
7.5,0.2345289292839725,lr    ,4,5,pooled,hirid
8.0,0.22103027475630416,lr    ,4,6,pooled,hirid
7.5,0.233858700765705,lr    ,4,7,pooled,hirid
7.0,0.23785284244235055,lr    ,4,8,pooled,hirid
8.0,0.2321919759829284,lr    ,4,9,pooled,hirid
7.0,0.20801721310108245,mews  ,0,0,pooled,hirid
7.0,0.206264533812265,mews  ,0,1,pooled,hirid
6.5,0.20585262592984593,mews  ,0,2,pooled,hirid
7.0,0.20318844397314972,mews  ,0,3,pooled,hirid
7.0,0.2044654298352113,mews  ,0,4,pooled,hirid
7.0,0.20433564424009482,mews  ,0,5,pooled,hirid
6.5,0.20388885559317965,mews  ,0,6,pooled,hirid
7.0,0.19974337137341736,mews  ,0,7,pooled,hirid
6.5,0.20773373689715796,mews  ,0,8,pooled,hirid
7.0,0.20462499326980027,mews  ,0,9,pooled,hirid
7.0,0.20801721310108245,mews  ,1,0,pooled,hirid
7.0,0.206264533812265,mews  ,1,1,pooled,hirid
6.5,0.20585262592984593,mews  ,1,2,pooled,hirid
7.0,0.20318844397314972,mews  ,1,3,pooled,hirid
7.0,0.2044654298352113,mews  ,1,4,pooled,hirid
7.0,0.20433564424009482,mews  ,1,5,pooled,hirid
6.5,0.20388885559317965,mews  ,1,6,pooled,hirid
7.0,0.19974337137341736,mews  ,1,7,pooled,hirid
6.5,0.20773373689715796,mews  ,1,8,pooled,hirid
7.0,0.20462499326980027,mews  ,1,9,pooled,hirid
7.0,0.20801721310108245,mews  ,2,0,pooled,hirid
7.0,0.206264533812265,mews  ,2,1,pooled,hirid
6.5,0.20585262592984593,mews  ,2,2,pooled,hirid
7.0,0.20318844397314972,mews  ,2,3,pooled,hirid
7.0,0.2044654298352113,mews  ,2,4,pooled,hirid
7.0,0.20433564424009482,mews  ,2,5,pooled,hirid
6.5,0.20388885559317965,mews  ,2,6,pooled,hirid
7.0,0.19974337137341736,mews  ,2,7,pooled,hirid
6.5,0.20773373689715796,mews  ,2,8,pooled,hirid
7.0,0.20462499326980027,mews  ,2,9,pooled,hirid
7.0,0.20801721310108245,mews  ,3,0,pooled,hirid
7.0,0.206264533812265,mews  ,3,1,pooled,hirid
6.5,0.20585262592984593,mews  ,3,2,pooled,hirid
7.0,0.20318844397314972,mews  ,3,3,pooled,hirid
7.0,0.2044654298352113,mews  ,3,4,pooled,hirid
7.0,0.20433564424009482,mews  ,3,5,pooled,hirid
6.5,0.20388885559317965,mews  ,3,6,pooled,hirid
7.0,0.19974337137341736,mews  ,3,7,pooled,hirid
6.5,0.20773373689715796,mews  ,3,8,pooled,hirid
7.0,0.20462499326980027,mews  ,3,9,pooled,hirid
7.0,0.20801721310108245,mews  ,4,0,pooled,hirid
7.0,0.206264533812265,mews  ,4,1,pooled,hirid
6.5,0.20585262592984593,mews  ,4,2,pooled,hirid
7.0,0.20318844397314972,mews  ,4,3,pooled,hirid
7.0,0.2044654298352113,mews  ,4,4,pooled,hirid
7.0,0.20433564424009482,mews  ,4,5,pooled,hirid
6.5,0.20388885559317965,mews  ,4,6,pooled,hirid
7.0,0.19974337137341736,mews  ,4,7,pooled,hirid
6.5,0.20773373689715796,mews  ,4,8,pooled,hirid
7.0,0.20462499326980027,mews  ,4,9,pooled,hirid
6.5,0.25244478218452915,news  ,0,0,pooled,hirid
6.5,0.24911269711144324,news  ,0,1,pooled,hirid
6.5,0.25059919498933697,news  ,0,2,pooled,hirid
6.5,0.24493821260908943,news  ,0,3,pooled,hirid
6.5,0.25186818131770805,news  ,0,4,pooled,hirid
6.5,0.24772518271138855,news  ,0,5,pooled,hirid
6.5,0.24260088283404813,news  ,0,6,pooled,hirid
6.5,0.242076062430986,news  ,0,7,pooled,hirid
6.5,0.25033345349675556,news  ,0,8,pooled,hirid
7.0,0.2445067383602652,news  ,0,9,pooled,hirid
6.5,0.25244478218452915,news  ,1,0,pooled,hirid
6.5,0.24911269711144324,news  ,1,1,pooled,hirid
6.5,0.25059919498933697,news  ,1,2,pooled,hirid
6.5,0.24493821260908943,news  ,1,3,pooled,hirid
6.5,0.25186818131770805,news  ,1,4,pooled,hirid
6.5,0.24772518271138855,news  ,1,5,pooled,hirid
6.5,0.24260088283404813,news  ,1,6,pooled,hirid
6.5,0.242076062430986,news  ,1,7,pooled,hirid
6.5,0.25033345349675556,news  ,1,8,pooled,hirid
7.0,0.2445067383602652,news  ,1,9,pooled,hirid
6.5,0.25244478218452915,news  ,2,0,pooled,hirid
6.5,0.24911269711144324,news  ,2,1,pooled,hirid
6.5,0.25059919498933697,news  ,2,2,pooled,hirid
6.5,0.24493821260908943,news  ,2,3,pooled,hirid
6.5,0.25186818131770805,news  ,2,4,pooled,hirid
6.5,0.24772518271138855,news  ,2,5,pooled,hirid
6.5,0.24260088283404813,news  ,2,6,pooled,hirid
6.5,0.242076062430986,news  ,2,7,pooled,hirid
6.5,0.25033345349675556,news  ,2,8,pooled,hirid
7.0,0.2445067383602652,news  ,2,9,pooled,hirid
6.5,0.25244478218452915,news  ,3,0,pooled,hirid
6.5,0.24911269711144324,news  ,3,1,pooled,hirid
6.5,0.25059919498933697,news  ,3,2,pooled,hirid
6.5,0.24493821260908943,news  ,3,3,pooled,hirid
6.5,0.25186818131770805,news  ,3,4,pooled,hirid
6.5,0.24772518271138855,news  ,3,5,pooled,hirid
6.5,0.24260088283404813,news  ,3,6,pooled,hirid
6.5,0.242076062430986,news  ,3,7,pooled,hirid
6.5,0.25033345349675556,news  ,3,8,pooled,hirid
7.0,0.2445067383602652,news  ,3,9,pooled,hirid
6.5,0.25244478218452915,news  ,4,0,pooled,hirid
6.5,0.24911269711144324,news  ,4,1,pooled,hirid
6.5,0.25059919498933697,news  ,4,2,pooled,hirid
6.5,0.24493821260908943,news  ,4,3,pooled,hirid
6.5,0.25186818131770805,news  ,4,4,pooled,hirid
6.5,0.24772518271138855,news  ,4,5,pooled,hirid
6.5,0.24260088283404813,news  ,4,6,pooled,hirid
6.5,0.242076062430986,news  ,4,7,pooled,hirid
6.5,0.25033345349675556,news  ,4,8,pooled,hirid
7.0,0.2445067383602652,news  ,4,9,pooled,hirid
4.0,0.21105945896002995,qsofa ,0,0,pooled,hirid
4.5,0.2147771398974015,qsofa ,0,1,pooled,hirid
3.5,0.20976095257621494,qsofa ,0,2,pooled,hirid
4.0,0.20906211265665886,qsofa ,0,3,pooled,hirid
4.0,0.20264738820894324,qsofa ,0,4,pooled,hirid
3.5,0.20453134056470976,qsofa ,0,5,pooled,hirid
3.5,0.20395918041935734,qsofa ,0,6,pooled,hirid
3.5,0.19867127216902994,qsofa ,0,7,pooled,hirid
3.5,0.20627315545085456,qsofa ,0,8,pooled,hirid
3.5,0.20202514302197006,qsofa ,0,9,pooled,hirid
4.0,0.21105945896002995,qsofa ,1,0,pooled,hirid
4.5,0.2147771398974015,qsofa ,1,1,pooled,hirid
3.5,0.20976095257621494,qsofa ,1,2,pooled,hirid
4.0,0.20906211265665886,qsofa ,1,3,pooled,hirid
4.0,0.20264738820894324,qsofa ,1,4,pooled,hirid
3.5,0.20453134056470976,qsofa ,1,5,pooled,hirid
3.5,0.20395918041935734,qsofa ,1,6,pooled,hirid
3.5,0.19867127216902994,qsofa ,1,7,pooled,hirid
3.5,0.20627315545085456,qsofa ,1,8,pooled,hirid
3.5,0.20202514302197006,qsofa ,1,9,pooled,hirid
4.0,0.21105945896002995,qsofa ,2,0,pooled,hirid
4.5,0.2147771398974015,qsofa ,2,1,pooled,hirid
3.5,0.20976095257621494,qsofa ,2,2,pooled,hirid
4.0,0.20906211265665886,qsofa ,2,3,pooled,hirid
4.0,0.20264738820894324,qsofa ,2,4,pooled,hirid
3.5,0.20453134056470976,qsofa ,2,5,pooled,hirid
3.5,0.20395918041935734,qsofa ,2,6,pooled,hirid
3.5,0.19867127216902994,qsofa ,2,7,pooled,hirid
3.5,0.20627315545085456,qsofa ,2,8,pooled,hirid
3.5,0.20202514302197006,qsofa ,2,9,pooled,hirid
4.0,0.21105945896002995,qsofa ,3,0,pooled,hirid
4.5,0.2147771398974015,qsofa ,3,1,pooled,hirid
3.5,0.20976095257621494,qsofa ,3,2,pooled,hirid
4.0,0.20906211265665886,qsofa ,3,3,pooled,hirid
4.0,0.20264738820894324,qsofa ,3,4,pooled,hirid
3.5,0.20453134056470976,qsofa ,3,5,pooled,hirid
3.5,0.20395918041935734,qsofa ,3,6,pooled,hirid
3.5,0.19867127216902994,qsofa ,3,7,pooled,hirid
3.5,0.20627315545085456,qsofa ,3,8,pooled,hirid
3.5,0.20202514302197006,qsofa ,3,9,pooled,hirid
4.0,0.21105945896002995,qsofa ,4,0,pooled,hirid
4.5,0.2147771398974015,qsofa ,4,1,pooled,hirid
3.5,0.20976095257621494,qsofa ,4,2,pooled,hirid
4.0,0.20906211265665886,qsofa ,4,3,pooled,hirid
4.0,0.20264738820894324,qsofa ,4,4,pooled,hirid
3.5,0.20453134056470976,qsofa ,4,5,pooled,hirid
3.5,0.20395918041935734,qsofa ,4,6,pooled,hirid
3.5,0.19867127216902994,qsofa ,4,7,pooled,hirid
3.5,0.20627315545085456,qsofa ,4,8,pooled,hirid
3.5,0.20202514302197006,qsofa ,4,9,pooled,hirid
6.5,0.2137973695520275,sirs  ,0,0,pooled,hirid
6.5,0.2196467669123791,sirs  ,0,1,pooled,hirid
6.5,0.21349679791271345,sirs  ,0,2,pooled,hirid
6.5,0.2116834200793106,sirs  ,0,3,pooled,hirid
7.0,0.21319575441839264,sirs  ,0,4,pooled,hirid
7.0,0.21026173063928766,sirs  ,0,5,pooled,hirid
6.5,0.20749178527033924,sirs  ,0,6,pooled,hirid
7.0,0.20913938601134452,sirs  ,0,7,pooled,hirid
6.0,0.21127815363450025,sirs  ,0,8,pooled,hirid
6.5,0.2108719299523455,sirs  ,0,9,pooled,hirid
6.5,0.2137973695520275,sirs  ,1,0,pooled,hirid
6.5,0.2196467669123791,sirs  ,1,1,pooled,hirid
6.5,0.21349679791271345,sirs  ,1,2,pooled,hirid
6.5,0.2116834200793106,sirs  ,1,3,pooled,hirid
7.0,0.21319575441839264,sirs  ,1,4,pooled,hirid
7.0,0.21026173063928766,sirs  ,1,5,pooled,hirid
6.5,0.20749178527033924,sirs  ,1,6,pooled,hirid
7.0,0.20913938601134452,sirs  ,1,7,pooled,hirid
6.0,0.21127815363450025,sirs  ,1,8,pooled,hirid
6.5,0.2108719299523455,sirs  ,1,9,pooled,hirid
6.5,0.2137973695520275,sirs  ,2,0,pooled,hirid
6.5,0.2196467669123791,sirs  ,2,1,pooled,hirid
6.5,0.21349679791271345,sirs  ,2,2,pooled,hirid
6.5,0.2116834200793106,sirs  ,2,3,pooled,hirid
7.0,0.21319575441839264,sirs  ,2,4,pooled,hirid
7.0,0.21026173063928766,sirs  ,2,5,pooled,hirid
6.5,0.20749178527033924,sirs  ,2,6,pooled,hirid
7.0,0.20913938601134452,sirs  ,2,7,pooled,hirid
6.0,0.21127815363450025,sirs  ,2,8,pooled,hirid
6.5,0.2108719299523455,sirs  ,2,9,pooled,hirid
6.5,0.2137973695520275,sirs  ,3,0,pooled,hirid
6.5,0.2196467669123791,sirs  ,3,1,pooled,hirid
6.5,0.21349679791271345,sirs  ,3,2,pooled,hirid
6.5,0.2116834200793106,sirs  ,3,3,pooled,hirid
7.0,0.21319575441839264,sirs  ,3,4,pooled,hirid
7.0,0.21026173063928766,sirs  ,3,5,pooled,hirid
6.5,0.20749178527033924,sirs  ,3,6,pooled,hirid
7.0,0.20913938601134452,sirs  ,3,7,pooled,hirid
6.0,0.21127815363450025,sirs  ,3,8,pooled,hirid
6.5,0.2108719299523455,sirs  ,3,9,pooled,hirid
6.5,0.2137973695520275,sirs  ,4,0,pooled,hirid
6.5,0.2196467669123791,sirs  ,4,1,pooled,hirid
6.5,0.21349679791271345,sirs  ,4,2,pooled,hirid
6.5,0.2116834200793106,sirs  ,4,3,pooled,hirid
7.0,0.21319575441839264,sirs  ,4,4,pooled,hirid
7.0,0.21026173063928766,sirs  ,4,5,pooled,hirid
6.5,0.20749178527033924,sirs  ,4,6,pooled,hirid
7.0,0.20913938601134452,sirs  ,4,7,pooled,hirid
6.0,0.21127815363450025,sirs  ,4,8,pooled,hirid
6.5,0.2108719299523455,sirs  ,4,9,pooled,hirid
2.0,0.3111593518582664,sofa  ,0,0,pooled,hirid
3.0,0.3153943808439088,sofa  ,0,1,pooled,hirid
2.0,0.30956384906088963,sofa  ,0,2,pooled,hirid
3.0,0.3073776951131503,sofa  ,0,3,pooled,hirid
3.5,0.31689064405077816,sofa  ,0,4,pooled,hirid
2.5,0.3065113391317845,sofa  ,0,5,pooled,hirid
2.5,0.3034626910189072,sofa  ,0,6,pooled,hirid
4.0,0.30615033726134355,sofa  ,0,7,pooled,hirid
2.5,0.30845840622105924,sofa  ,0,8,pooled,hirid
4.0,0.3099240852857942,sofa  ,0,9,pooled,hirid
2.0,0.3111593518582664,sofa  ,1,0,pooled,hirid
3.0,0.3153943808439088,sofa  ,1,1,pooled,hirid
2.0,0.30956384906088963,sofa  ,1,2,pooled,hirid
3.0,0.3073776951131503,sofa  ,1,3,pooled,hirid
3.5,0.31689064405077816,sofa  ,1,4,pooled,hirid
2.5,0.3065113391317845,sofa  ,1,5,pooled,hirid
2.5,0.3034626910189072,sofa  ,1,6,pooled,hirid
4.0,0.30615033726134355,sofa  ,1,7,pooled,hirid
2.5,0.30845840622105924,sofa  ,1,8,pooled,hirid
4.0,0.3099240852857942,sofa  ,1,9,pooled,hirid
2.0,0.3111593518582664,sofa  ,2,0,pooled,hirid
3.0,0.3153943808439088,sofa  ,2,1,pooled,hirid
2.0,0.30956384906088963,sofa  ,2,2,pooled,hirid
3.0,0.3073776951131503,sofa  ,2,3,pooled,hirid
3.5,0.31689064405077816,sofa  ,2,4,pooled,hirid
2.5,0.3065113391317845,sofa  ,2,5,pooled,hirid
2.5,0.3034626910189072,sofa  ,2,6,pooled,hirid
4.0,0.30615033726134355,sofa  ,2,7,pooled,hirid
2.5,0.30845840622105924,sofa  ,2,8,pooled,hirid
4.0,0.3099240852857942,sofa  ,2,9,pooled,hirid
2.0,0.3111593518582664,sofa  ,3,0,pooled,hirid
3.0,0.3153943808439088,sofa  ,3,1,pooled,hirid
2.0,0.30956384906088963,sofa  ,3,2,pooled,hirid
3.0,0.3073776951131503,sofa  ,3,3,pooled,hirid
3.5,0.31689064405077816,sofa  ,3,4,pooled,hirid
2.5,0.3065113391317845,sofa  ,3,5,pooled,hirid
2.5,0.3034626910189072,sofa  ,3,6,pooled,hirid
4.0,0.30615033726134355,sofa  ,3,7,pooled,hirid
2.5,0.30845840622105924,sofa  ,3,8,pooled,hirid
4.0,0.3099240852857942,sofa  ,3,9,pooled,hirid
2.0,0.3111593518582664,sofa  ,4,0,pooled,hirid
3.0,0.3153943808439088,sofa  ,4,1,pooled,hirid
2.0,0.30956384906088963,sofa  ,4,2,pooled,hirid
3.0,0.3073776951131503,sofa  ,4,3,pooled,hirid
3.5,0.31689064405077816,sofa  ,4,4,pooled,hirid
2.5,0.3065113391317845,sofa  ,4,5,pooled,hirid
2.5,0.3034626910189072,sofa  ,4,6,pooled,hirid
4.0,0.30615033726134355,sofa  ,4,7,pooled,hirid
2.5,0.30845840622105924,sofa  ,4,8,pooled,hirid
4.0,0.3099240852857942,sofa  ,4,9,pooled,hirid
3.0,0.26331502787006783,attn  ,0,0,pooled,mimic
3.5,0.26388837484732963,attn  ,0,1,pooled,mimic
3.5,0.264437590953538,attn  ,0,2,pooled,mimic
4.0,0.2642122641509434,attn  ,0,3,pooled,mimic
3.5,0.26581121989800094,attn  ,0,4,pooled,mimic
3.0,0.2638410911261547,attn  ,0,5,pooled,mimic
2.5,0.2794869571566784,attn  ,0,6,pooled,mimic
3.0,0.28035643842540936,attn  ,0,7,pooled,mimic
3.0,0.2605696412724511,attn  ,0,8,pooled,mimic
2.5,0.275890980493381,attn  ,0,9,pooled,mimic
3.5,0.2712744078363625,attn  ,1,0,pooled,mimic
3.75,0.2710710201633884,attn  ,1,1,pooled,mimic
4.0,0.2587828735293668,attn  ,1,2,pooled,mimic
4.0,0.2688839599275442,attn  ,1,3,pooled,mimic
4.0,0.27145438014936835,attn  ,1,4,pooled,mimic
3.5,0.270494472476031,attn  ,1,5,pooled,mimic
3.5,0.2710934036926904,attn  ,1,6,pooled,mimic
3.5,0.2746340601479246,attn  ,1,7,pooled,mimic
4.0,0.25841595864417477,attn  ,1,8,pooled,mimic
3.5,0.27305385054839926,attn  ,1,9,pooled,mimic
3.5,0.2780652715872176,attn  ,2,0,pooled,mimic
4.0,0.2761021517259069,attn  ,2,1,pooled,mimic
3.5,0.2756626871774924,attn  ,2,2,pooled,mimic
3.5,0.27546917454406317,attn  ,2,3,pooled,mimic
3.5,0.27813427088440834,attn  ,2,4,pooled,mimic
3.5,0.2746583068220495,attn  ,2,5,pooled,mimic
3.5,0.27717061949876476,attn  ,2,6,pooled,mimic
4.0,0.28149323287425887,attn  ,2,7,pooled,mimic
3.5,0.277452439879169,attn  ,2,8,pooled,mimic
3.5,0.2765687860523868,attn  ,2,9,pooled,mimic
3.0,0.27717899009606317,attn  ,3,0,pooled,mimic
2.5,0.28627391513129624,attn  ,3,1,pooled,mimic
2.75,0.2779820935340642,attn  ,3,2,pooled,mimic
3.5,0.2752259004850478,attn  ,3,3,pooled,mimic
2.5,0.2876801349106928,attn  ,3,4,pooled,mimic
2.5,0.2854099210712554,attn  ,3,5,pooled,mimic
1.5,0.2973230834709249,attn  ,3,6,pooled,mimic
2.5,0.2889340807834847,attn  ,3,7,pooled,mimic
2.5,0.2759413432566077,attn  ,3,8,pooled,mimic
2.5,0.2773480834185491,attn  ,3,9,pooled,mimic
3.5,0.2761505798557209,attn  ,4,0,pooled,mimic
3.5,0.27839522278121553,attn  ,4,1,pooled,mimic
3.5,0.27655826150574275,attn  ,4,2,pooled,mimic
3.5,0.2769973783302292,attn  ,4,3,pooled,mimic
3.5,0.2786058018580785,attn  ,4,4,pooled,mimic
3.0,0.27820045247841646,attn  ,4,5,pooled,mimic
3.5,0.28043199130715957,attn  ,4,6,pooled,mimic
3.5,0.28046185907818666,attn  ,4,7,pooled,mimic
3.5,0.2612689663910799,attn  ,4,8,pooled,mimic
3.0,0.2792207792207792,attn  ,4,9,pooled,mimic
3.25,0.2755504600480744,gru   ,0,0,pooled,mimic
3.0,0.2731509317757743,gru   ,0,1,pooled,mimic
3.0,0.27555914409908494,gru   ,0,2,pooled,mimic
3.5,0.27555914409908494,gru   ,0,3,pooled,mimic
3.0,0.2789270914270914,gru   ,0,4,pooled,mimic
3.0,0.27557519569542677,gru   ,0,5,pooled,mimic
2.5,0.2890578386038186,gru   ,0,6,pooled,mimic
3.5,0.2763467838111196,gru   ,0,7,pooled,mimic
3.0,0.28682112233602,gru   ,0,8,pooled,mimic
3.0,0.2767610985624116,gru   ,0,9,pooled,mimic
3.0,0.2832655956924004,gru   ,1,0,pooled,mimic
4.0,0.26214925845903336,gru   ,1,1,pooled,mimic
3.75,0.2678613479818312,gru   ,1,2,pooled,mimic
4.5,0.26327923260934993,gru   ,1,3,pooled,mimic
3.0,0.27681623947738754,gru   ,1,4,pooled,mimic
3.0,0.27462777525874693,gru   ,1,5,pooled,mimic
3.0,0.2834658044815662,gru   ,1,6,pooled,mimic
3.0,0.28347420703227444,gru   ,1,7,pooled,mimic
3.5,0.2764187719177445,gru   ,1,8,pooled,mimic
4.0,0.26826241410458845,gru   ,1,9,pooled,mimic
4.0,0.26469101060609457,gru   ,2,0,pooled,mimic
4.0,0.2546130472814327,gru   ,2,1,pooled,mimic
4.0,0.26250949135902163,gru   ,2,2,pooled,mimic
4.5,0.2553664194465318,gru   ,2,3,pooled,mimic
3.0,0.26892438116300355,gru   ,2,4,pooled,mimic
3.5,0.2671514128418393,gru   ,2,5,pooled,mimic
3.0,0.2675540755821644,gru   ,2,6,pooled,mimic
4.0,0.26720895377800835,gru   ,2,7,pooled,mimic
3.5,0.26447302107882026,gru   ,2,8,pooled,mimic
4.0,0.2611877774481165,gru   ,2,9,pooled,mimic
4.0,0.2784292402291067,gru   ,3,0,pooled,mimic
4.5,0.2678647683482764,gru   ,3,1,pooled,mimic
4.0,0.275267094017094,gru   ,3,2,pooled,mimic
5.0,0.2648037843526565,gru   ,3,3,pooled,mimic
4.0,0.2786768049188493,gru   ,3,4,pooled,mimic
4.5,0.26591916779432395,gru   ,3,5,pooled,mimic
3.5,0.2823256134520186,gru   ,3,6,pooled,mimic
4.0,0.2811213540966241,gru   ,3,7,pooled,mimic
4.0,0.2756439376662866,gru   ,3,8,pooled,mimic
4.5,0.2690278735489191,gru   ,3,9,pooled,mimic
3.0,0.27363750012729027,gru   ,4,0,pooled,mimic
3.5,0.2664146585355548,gru   ,4,1,pooled,mimic
3.0,0.27960737097988153,gru   ,4,2,pooled,mimic
3.0,0.27283594750406576,gru   ,4,3,pooled,mimic
3.0,0.27788574880236927,gru   ,4,4,pooled,mimic
3.0,0.2738335035111714,gru   ,4,5,pooled,mimic
3.0,0.2816387484197218,gru   ,4,6,pooled,mimic
3.0,0.28224108717670404,gru   ,4,7,pooled,mimic
3.0,0.2754136862184072,gru   ,4,8,pooled,mimic
3.0,0.27363750012729027,gru   ,4,9,pooled,mimic
4.0,0.2376465793612012,lgbm  ,0,0,pooled,mimic
3.75,0.245949317810347,lgbm  ,0,1,pooled,mimic
3.5,0.24259786698724506,lgbm  ,0,2,pooled,mimic
4.0,0.2415035735381807,lgbm  ,0,3,pooled,mimic
4.0,0.239090413967871,lgbm  ,0,4,pooled,mimic
4.0,0.23800876423239836,lgbm  ,0,5,pooled,mimic
3.5,0.2420542063664188,lgbm  ,0,6,pooled,mimic
3.0,0.2455785568984085,lgbm  ,0,7,pooled,mimic
4.0,0.236735160644571,lgbm  ,0,8,pooled,mimic
3.5,0.23909325681492105,lgbm  ,0,9,pooled,mimic
5.0,0.2431612592902915,lgbm  ,1,0,pooled,mimic
4.5,0.2479757776806566,lgbm  ,1,1,pooled,mimic
4.0,0.24242407111397535,lgbm  ,1,2,pooled,mimic
4.0,0.2401940154986141,lgbm  ,1,3,pooled,mimic
4.0,0.24593946183729293,lgbm  ,1,4,pooled,mimic
5.0,0.24055969584155545,lgbm  ,1,5,pooled,mimic
4.0,0.24594557776711518,lgbm  ,1,6,pooled,mimic
4.0,0.2487535657321159,lgbm  ,1,7,pooled,mimic
4.0,0.24482499534045726,lgbm  ,1,8,pooled,mimic
4.0,0.2440736780708557,lgbm  ,1,9,pooled,mimic
5.0,0.23228159066482415,lgbm  ,2,0,pooled,mimic
5.0,0.24068693226468774,lgbm  ,2,1,pooled,mimic
5.0,0.23405951458956395,lgbm  ,2,2,pooled,mimic
5.0,0.23352442818121616,lgbm  ,2,3,pooled,mimic
5.0,0.2380248810350696,lgbm  ,2,4,pooled,mimic
5.0,0.23619597330026154,lgbm  ,2,5,pooled,mimic
5.0,0.23694717760732104,lgbm  ,2,6,pooled,mimic
5.0,0.23692343604108304,lgbm  ,2,7,pooled,mimic
5.0,0.2320982878466885,lgbm  ,2,8,pooled,mimic
5.0,0.23658610470770924,lgbm  ,2,9,pooled,mimic
5.0,0.24687650867167643,lgbm  ,3,0,pooled,mimic
4.0,0.25037541198293156,lgbm  ,3,1,pooled,mimic
4.0,0.24674168493585769,lgbm  ,3,2,pooled,mimic
5.0,0.24388993099862166,lgbm  ,3,3,pooled,mimic
4.0,0.24618905561892615,lgbm  ,3,4,pooled,mimic
4.5,0.24831121055009353,lgbm  ,3,5,pooled,mimic
4.0,0.24724561941197604,lgbm  ,3,6,pooled,mimic
5.0,0.2516798847682349,lgbm  ,3,7,pooled,mimic
5.0,0.24297117480120856,lgbm  ,3,8,pooled,mimic
4.0,0.24868700484663642,lgbm  ,3,9,pooled,mimic
5.0,0.23975558036857575,lgbm  ,4,0,pooled,mimic
5.0,0.24467443509665515,lgbm  ,4,1,pooled,mimic
4.25,0.24338699912974385,lgbm  ,4,2,pooled,mimic
5.0,0.2397497026367159,lgbm  ,4,3,pooled,mimic
5.0,0.23556194385956086,lgbm  ,4,4,pooled,mimic
4.0,0.24284613493684284,lgbm  ,4,5,pooled,mimic
5.0,0.23543021949992404,lgbm  ,4,6,pooled,mimic
5.0,0.2432105219907112,lgbm  ,4,7,pooled,mimic
5.0,0.2360469974085841,lgbm  ,4,8,pooled,mimic
5.0,0.24301886506610915,lgbm  ,4,9,pooled,mimic
3.0,0.2673944590425093,lr    ,0,0,pooled,mimic
2.5,0.2652523886266835,lr    ,0,1,pooled,mimic
2.0,0.26858440355120405,lr    ,0,2,pooled,mimic
3.0,0.2670183909145508,lr    ,0,3,pooled,mimic
2.5,0.2713012271850662,lr    ,0,4,pooled,mimic
2.0,0.26856844623990944,lr    ,0,5,pooled,mimic
1.5,0.2774132907747984,lr    ,0,6,pooled,mimic
3.0,0.26954802038126413,lr    ,0,7,pooled,mimic
2.5,0.2701360349492594,lr    ,0,8,pooled,mimic
3.0,0.2679776593635683,lr    ,0,9,pooled,mimic
2.5,0.27177041273068064,lr    ,1,0,pooled,mimic
2.25,0.269893819244464,lr    ,1,1,pooled,mimic
1.5,0.27364179637110336,lr    ,1,2,pooled,mimic
3.0,0.2709993014736803,lr    ,1,3,pooled,mimic
1.5,0.2806214070044807,lr    ,1,4,pooled,mimic
1.0,0.28023260464177235,lr    ,1,5,pooled,mimic
1.0,0.2802399135755615,lr    ,1,6,pooled,mimic
3.0,0.27393076329894006,lr    ,1,7,pooled,mimic
1.5,0.27962315462315457,lr    ,1,8,pooled,mimic
3.0,0.2725559755742948,lr    ,1,9,pooled,mimic
3.0,0.2768549143934196,lr    ,2,0,pooled,mimic
3.0,0.2721641119568655,lr    ,2,1,pooled,mimic
1.5,0.27889745146849215,lr    ,2,2,pooled,mimic
3.0,0.27870696121291627,lr    ,2,3,pooled,mimic
1.5,0.28050143477197753,lr    ,2,4,pooled,mimic
1.5,0.2811236685711721,lr    ,2,5,pooled,mimic
1.5,0.2819182125838279,lr    ,2,6,pooled,mimic
2.5,0.27787356321839074,lr    ,2,7,pooled,mimic
2.0,0.28131297709923664,lr    ,2,8,pooled,mimic
3.0,0.27786458300565103,lr    ,2,9,pooled,mimic
3.0,0.26937138729962196,lr    ,3,0,pooled,mimic
2.5,0.2689444665491957,lr    ,3,1,pooled,mimic
1.5,0.2750130634770036,lr    ,3,2,pooled,mimic
3.0,0.2689820733100175,lr    ,3,3,pooled,mimic
2.5,0.27563034383857293,lr    ,3,4,pooled,mimic
1.5,0.2706900409197453,lr    ,3,5,pooled,mimic
1.5,0.2764874065881786,lr    ,3,6,pooled,mimic
3.0,0.2707259702497413,lr    ,3,7,pooled,mimic
2.25,0.27668485770082824,lr    ,3,8,pooled,mimic
3.0,0.2701580022045241,lr    ,3,9,pooled,mimic
2.5,0.271766313923254,lr    ,4,0,pooled,mimic
2.5,0.2692103868574457,lr    ,4,1,pooled,mimic
1.5,0.271766313923254,lr    ,4,2,pooled,mimic
3.25,0.26959781380109593,lr    ,4,3,pooled,mimic
1.5,0.27751120510068805,lr    ,4,4,pooled,mimic
1.5,0.2711879337005909,lr    ,4,5,pooled,mimic
1.5,0.27895708076926096,lr    ,4,6,pooled,mimic
3.0,0.27138093090667337,lr    ,4,7,pooled,mimic
1.5,0.27954394658327153,lr    ,4,8,pooled,mimic
3.0,0.27178671748608724,lr    ,4,9,pooled,mimic
5.0,0.22695179232347867,mews  ,0,0,pooled,mimic
5.5,0.22763676797489218,mews  ,0,1,pooled,mimic
4.5,0.22587990867365393,mews  ,0,2,pooled,mimic
6.0,0.2266427401320037,mews  ,0,3,pooled,mimic
6.0,0.2271026831785345,mews  ,0,4,pooled,mimic
4.5,0.2273260607523953,mews  ,0,5,pooled,mimic
4.5,0.22649256085015634,mews  ,0,6,pooled,mimic
5.0,0.2260345257875172,mews  ,0,7,pooled,mimic
5.5,0.2256448702079859,mews  ,0,8,pooled,mimic
5.5,0.22854006035757424,mews  ,0,9,pooled,mimic
5.0,0.22695179232347867,mews  ,1,0,pooled,mimic
5.5,0.22763676797489218,mews  ,1,1,pooled,mimic
4.5,0.22587990867365393,mews  ,1,2,pooled,mimic
6.0,0.2266427401320037,mews  ,1,3,pooled,mimic
6.0,0.2271026831785345,mews  ,1,4,pooled,mimic
4.5,0.2273260607523953,mews  ,1,5,pooled,mimic
4.5,0.22649256085015634,mews  ,1,6,pooled,mimic
5.0,0.2260345257875172,mews  ,1,7,pooled,mimic
5.5,0.2256448702079859,mews  ,1,8,pooled,mimic
5.5,0.22854006035757424,mews  ,1,9,pooled,mimic
5.0,0.22695179232347867,mews  ,2,0,pooled,mimic
5.5,0.22763676797489218,mews  ,2,1,pooled,mimic
4.5,0.22587990867365393,mews  ,2,2,pooled,mimic
6.0,0.2266427401320037,mews  ,2,3,pooled,mimic
6.0,0.2271026831785345,mews  ,2,4,pooled,mimic
4.5,0.2273260607523953,mews  ,2,5,pooled,mimic
4.5,0.22649256085015634,mews  ,2,6,pooled,mimic
5.0,0.2260345257875172,mews  ,2,7,pooled,mimic
5.5,0.2256448702079859,mews  ,2,8,pooled,mimic
5.5,0.22854006035757424,mews  ,2,9,pooled,mimic
5.0,0.22695179232347867,mews  ,3,0,pooled,mimic
5.5,0.22763676797489218,mews  ,3,1,pooled,mimic
4.5,0.22587990867365393,mews  ,3,2,pooled,mimic
6.0,0.2266427401320037,mews  ,3,3,pooled,mimic
6.0,0.2271026831785345,mews  ,3,4,pooled,mimic
4.5,0.2273260607523953,mews  ,3,5,pooled,mimic
4.5,0.22649256085015634,mews  ,3,6,pooled,mimic
5.0,0.2260345257875172,mews  ,3,7,pooled,mimic
5.5,0.2256448702079859,mews  ,3,8,pooled,mimic
5.5,0.22854006035757424,mews  ,3,9,pooled,mimic
5.0,0.22695179232347867,mews  ,4,0,pooled,mimic
5.5,0.22763676797489218,mews  ,4,1,pooled,mimic
4.5,0.22587990867365393,mews  ,4,2,pooled,mimic
6.0,0.2266427401320037,mews  ,4,3,pooled,mimic
6.0,0.2271026831785345,mews  ,4,4,pooled,mimic
4.5,0.2273260607523953,mews  ,4,5,pooled,mimic
4.5,0.22649256085015634,mews  ,4,6,pooled,mimic
5.0,0.2260345257875172,mews  ,4,7,pooled,mimic
5.5,0.2256448702079859,mews  ,4,8,pooled,mimic
5.5,0.22854006035757424,mews  ,4,9,pooled,mimic
4.0,0.2494615096460011,news  ,0,0,pooled,mimic
4.25,0.24834896700856193,news  ,0,1,pooled,mimic
3.0,0.24627171118224267,news  ,0,2,pooled,mimic
4.5,0.24353945909660912,news  ,0,3,pooled,mimic
3.5,0.25014022623165366,news  ,0,4,pooled,mimic
4.0,0.2477914051758331,news  ,0,5,pooled,mimic
4.0,0.24645684653047867,news  ,0,6,pooled,mimic
4.0,0.2427808274029834,news  ,0,7,pooled,mimic
5.0,0.24623974828628656,news  ,0,8,pooled,mimic
4.0,0.24743652953585116,news  ,0,9,pooled,mimic
4.0,0.2494615096460011,news  ,1,0,pooled,mimic
4.25,0.24834896700856193,news  ,1,1,pooled,mimic
3.0,0.24627171118224267,news  ,1,2,pooled,mimic
4.5,0.24353945909660912,news  ,1,3,pooled,mimic
3.5,0.25014022623165366,news  ,1,4,pooled,mimic
4.0,0.2477914051758331,news  ,1,5,pooled,mimic
4.0,0.24645684653047867,news  ,1,6,pooled,mimic
4.0,0.2427808274029834,news  ,1,7,pooled,mimic
5.0,0.24623974828628656,news  ,1,8,pooled,mimic
4.0,0.24743652953585116,news  ,1,9,pooled,mimic
4.0,0.2494615096460011,news  ,2,0,pooled,mimic
4.25,0.24834896700856193,news  ,2,1,pooled,mimic
3.0,0.24627171118224267,news  ,2,2,pooled,mimic
4.5,0.24353945909660912,news  ,2,3,pooled,mimic
3.5,0.25014022623165366,news  ,2,4,pooled,mimic
4.0,0.2477914051758331,news  ,2,5,pooled,mimic
4.0,0.24645684653047867,news  ,2,6,pooled,mimic
4.0,0.2427808274029834,news  ,2,7,pooled,mimic
5.0,0.24623974828628656,news  ,2,8,pooled,mimic
4.0,0.24743652953585116,news  ,2,9,pooled,mimic
4.0,0.2494615096460011,news  ,3,0,pooled,mimic
4.25,0.24834896700856193,news  ,3,1,pooled,mimic
3.0,0.24627171118224267,news  ,3,2,pooled,mimic
4.5,0.24353945909660912,news  ,3,3,pooled,mimic
3.5,0.25014022623165366,news  ,3,4,pooled,mimic
4.0,0.2477914051758331,news  ,3,5,pooled,mimic
4.0,0.24645684653047867,news  ,3,6,pooled,mimic
4.0,0.2427808274029834,news  ,3,7,pooled,mimic
5.0,0.24623974828628656,news  ,3,8,pooled,mimic
4.0,0.24743652953585116,news  ,3,9,pooled,mimic
4.0,0.2494615096460011,news  ,4,0,pooled,mimic
4.25,0.24834896700856193,news  ,4,1,pooled,mimic
3.0,0.24627171118224267,news  ,4,2,pooled,mimic
4.5,0.24353945909660912,news  ,4,3,pooled,mimic
3.5,0.25014022623165366,news  ,4,4,pooled,mimic
4.0,0.2477914051758331,news  ,4,5,pooled,mimic
4.0,0.24645684653047867,news  ,4,6,pooled,mimic
4.0,0.2427808274029834,news  ,4,7,pooled,mimic
5.0,0.24623974828628656,news  ,4,8,pooled,mimic
4.0,0.24743652953585116,news  ,4,9,pooled,mimic
4.5,0.21084548246508789,qsofa ,0,0,pooled,mimic
4.5,0.2096864618272801,qsofa ,0,1,pooled,mimic
4.0,0.2130443086325439,qsofa ,0,2,pooled,mimic
5.5,0.20679686938544883,qsofa ,0,3,pooled,mimic
4.5,0.2132991977763219,qsofa ,0,4,pooled,mimic
3.5,0.21419575075366692,qsofa ,0,5,pooled,mimic
3.5,0.21214442217462645,qsofa ,0,6,pooled,mimic
4.0,0.20928582790700057,qsofa ,0,7,pooled,mimic
4.5,0.21342652135652873,qsofa ,0,8,pooled,mimic
4.0,0.2126613688076256,qsofa ,0,9,pooled,mimic
4.5,0.21084548246508789,qsofa ,1,0,pooled,mimic
4.5,0.2096864618272801,qsofa ,1,1,pooled,mimic
4.0,0.2130443086325439,qsofa ,1,2,pooled,mimic
5.5,0.20679686938544883,qsofa ,1,3,pooled,mimic
4.5,0.2132991977763219,qsofa ,1,4,pooled,mimic
3.5,0.21419575075366692,qsofa ,1,5,pooled,mimic
3.5,0.21214442217462645,qsofa ,1,6,pooled,mimic
4.0,0.20928582790700057,qsofa ,1,7,pooled,mimic
4.5,0.21342652135652873,qsofa ,1,8,pooled,mimic
4.0,0.2126613688076256,qsofa ,1,9,pooled,mimic
4.5,0.21084548246508789,qsofa ,2,0,pooled,mimic
4.5,0.2096864618272801,qsofa ,2,1,pooled,mimic
4.0,0.2130443086325439,qsofa ,2,2,pooled,mimic
5.5,0.20679686938544883,qsofa ,2,3,pooled,mimic
4.5,0.2132991977763219,qsofa ,2,4,pooled,mimic
3.5,0.21419575075366692,qsofa ,2,5,pooled,mimic
3.5,0.21214442217462645,qsofa ,2,6,pooled,mimic
4.0,0.20928582790700057,qsofa ,2,7,pooled,mimic
4.5,0.21342652135652873,qsofa ,2,8,pooled,mimic
4.0,0.2126613688076256,qsofa ,2,9,pooled,mimic
4.5,0.21084548246508789,qsofa ,3,0,pooled,mimic
4.5,0.2096864618272801,qsofa ,3,1,pooled,mimic
4.0,0.2130443086325439,qsofa ,3,2,pooled,mimic
5.5,0.20679686938544883,qsofa ,3,3,pooled,mimic
4.5,0.2132991977763219,qsofa ,3,4,pooled,mimic
3.5,0.21419575075366692,qsofa ,3,5,pooled,mimic
3.5,0.21214442217462645,qsofa ,3,6,pooled,mimic
4.0,0.20928582790700057,qsofa ,3,7,pooled,mimic
4.5,0.21342652135652873,qsofa ,3,8,pooled,mimic
4.0,0.2126613688076256,qsofa ,3,9,pooled,mimic
4.5,0.21084548246508789,qsofa ,4,0,pooled,mimic
4.5,0.2096864618272801,qsofa ,4,1,pooled,mimic
4.0,0.2130443086325439,qsofa ,4,2,pooled,mimic
5.5,0.20679686938544883,qsofa ,4,3,pooled,mimic
4.5,0.2132991977763219,qsofa ,4,4,pooled,mimic
3.5,0.21419575075366692,qsofa ,4,5,pooled,mimic
3.5,0.21214442217462645,qsofa ,4,6,pooled,mimic
4.0,0.20928582790700057,qsofa ,4,7,pooled,mimic
4.5,0.21342652135652873,qsofa ,4,8,pooled,mimic
4.0,0.2126613688076256,qsofa ,4,9,pooled,mimic
6.5,0.22605373657914316,sirs  ,0,0,pooled,mimic
6.5,0.22536323898969246,sirs  ,0,1,pooled,mimic
6.5,0.21989732053035754,sirs  ,0,2,pooled,mimic
7.5,0.2239993827865583,sirs  ,0,3,pooled,mimic
7.0,0.22356732748347952,sirs  ,0,4,pooled,mimic
6.5,0.2235995338409911,sirs  ,0,5,pooled,mimic
6.0,0.22373054708807955,sirs  ,0,6,pooled,mimic
6.5,0.2215872962527306,sirs  ,0,7,pooled,mimic
7.5,0.22228983562562896,sirs  ,0,8,pooled,mimic
6.75,0.22423212747918847,sirs  ,0,9,pooled,mimic
6.5,0.22605373657914316,sirs  ,1,0,pooled,mimic
6.5,0.22536323898969246,sirs  ,1,1,pooled,mimic
6.5,0.21989732053035754,sirs  ,1,2,pooled,mimic
7.5,0.2239993827865583,sirs  ,1,3,pooled,mimic
7.0,0.22356732748347952,sirs  ,1,4,pooled,mimic
6.5,0.2235995338409911,sirs  ,1,5,pooled,mimic
6.0,0.22373054708807955,sirs  ,1,6,pooled,mimic
6.5,0.2215872962527306,sirs  ,1,7,pooled,mimic
7.5,0.22228983562562896,sirs  ,1,8,pooled,mimic
6.75,0.22423212747918847,sirs  ,1,9,pooled,mimic
6.5,0.22605373657914316,sirs  ,2,0,pooled,mimic
6.5,0.22536323898969246,sirs  ,2,1,pooled,mimic
6.5,0.21989732053035754,sirs  ,2,2,pooled,mimic
7.5,0.2239993827865583,sirs  ,2,3,pooled,mimic
7.0,0.22356732748347952,sirs  ,2,4,pooled,mimic
6.5,0.2235995338409911,sirs  ,2,5,pooled,mimic
6.0,0.22373054708807955,sirs  ,2,6,pooled,mimic
6.5,0.2215872962527306,sirs  ,2,7,pooled,mimic
7.5,0.22228983562562896,sirs  ,2,8,pooled,mimic
6.75,0.22423212747918847,sirs  ,2,9,pooled,mimic
6.5,0.22605373657914316,sirs  ,3,0,pooled,mimic
6.5,0.22536323898969246,sirs  ,3,1,pooled,mimic
6.5,0.21989732053035754,sirs  ,3,2,pooled,mimic
7.5,0.2239993827865583,sirs  ,3,3,pooled,mimic
7.0,0.22356732748347952,sirs  ,3,4,pooled,mimic
6.5,0.2235995338409911,sirs  ,3,5,pooled,mimic
6.0,0.22373054708807955,sirs  ,3,6,pooled,mimic
6.5,0.2215872962527306,sirs  ,3,7,pooled,mimic
7.5,0.22228983562562896,sirs  ,3,8,pooled,mimic
6.75,0.22423212747918847,sirs  ,3,9,pooled,mimic
6.5,0.22605373657914316,sirs  ,4,0,pooled,mimic
6.5,0.22536323898969246,sirs  ,4,1,pooled,mimic
6.5,0.21989732053035754,sirs  ,4,2,pooled,mimic
7.5,0.2239993827865583,sirs  ,4,3,pooled,mimic
7.0,0.22356732748347952,sirs  ,4,4,pooled,mimic
6.5,0.2235995338409911,sirs  ,4,5,pooled,mimic
6.0,0.22373054708807955,sirs  ,4,6,pooled,mimic
6.5,0.2215872962527306,sirs  ,4,7,pooled,mimic
7.5,0.22228983562562896,sirs  ,4,8,pooled,mimic
6.75,0.22423212747918847,sirs  ,4,9,pooled,mimic
0.0,0.27214140999187725,sofa  ,0,0,pooled,mimic
0.0,0.2708122489959839,sofa  ,0,1,pooled,mimic
0.0,0.27219595672477304,sofa  ,0,2,pooled,mimic
0.0,0.26977497076714263,sofa  ,0,3,pooled,mimic
0.0,0.270343295946723,sofa  ,0,4,pooled,mimic
0.0,0.26789285641991056,sofa  ,0,5,pooled,mimic
0.0,0.27301751738564595,sofa  ,0,6,pooled,mimic
0.0,0.26894395603360455,sofa  ,0,7,pooled,mimic
0.0,0.272694099197933,sofa  ,0,8,pooled,mimic
0.0,0.27298802395209576,sofa  ,0,9,pooled,mimic
0.0,0.27214140999187725,sofa  ,1,0,pooled,mimic
0.0,0.2708122489959839,sofa  ,1,1,pooled,mimic
0.0,0.27219595672477304,sofa  ,1,2,pooled,mimic
0.0,0.26977497076714263,sofa  ,1,3,pooled,mimic
0.0,0.270343295946723,sofa  ,1,4,pooled,mimic
0.0,0.26789285641991056,sofa  ,1,5,pooled,mimic
0.0,0.27301751738564595,sofa  ,1,6,pooled,mimic
0.0,0.26894395603360455,sofa  ,1,7,pooled,mimic
0.0,0.272694099197933,sofa  ,1,8,pooled,mimic
0.0,0.27298802395209576,sofa  ,1,9,pooled,mimic
0.0,0.27214140999187725,sofa  ,2,0,pooled,mimic
0.0,0.2708122489959839,sofa  ,2,1,pooled,mimic
0.0,0.27219595672477304,sofa  ,2,2,pooled,mimic
0.0,0.26977497076714263,sofa  ,2,3,pooled,mimic
0.0,0.270343295946723,sofa  ,2,4,pooled,mimic
0.0,0.26789285641991056,sofa  ,2,5,pooled,mimic
0.0,0.27301751738564595,sofa  ,2,6,pooled,mimic
0.0,0.26894395603360455,sofa  ,2,7,pooled,mimic
0.0,0.272694099197933,sofa  ,2,8,pooled,mimic
0.0,0.27298802395209576,sofa  ,2,9,pooled,mimic
0.0,0.27214140999187725,sofa  ,3,0,pooled,mimic
0.0,0.2708122489959839,sofa  ,3,1,pooled,mimic
0.0,0.27219595672477304,sofa  ,3,2,pooled,mimic
0.0,0.26977497076714263,sofa  ,3,3,pooled,mimic
0.0,0.270343295946723,sofa  ,3,4,pooled,mimic
0.0,0.26789285641991056,sofa  ,3,5,pooled,mimic
0.0,0.27301751738564595,sofa  ,3,6,pooled,mimic
0.0,0.26894395603360455,sofa  ,3,7,pooled,mimic
0.0,0.272694099197933,sofa  ,3,8,pooled,mimic
0.0,0.27298802395209576,sofa  ,3,9,pooled,mimic
0.0,0.27214140999187725,sofa  ,4,0,pooled,mimic
0.0,0.2708122489959839,sofa  ,4,1,pooled,mimic
0.0,0.27219595672477304,sofa  ,4,2,pooled,mimic
0.0,0.26977497076714263,sofa  ,4,3,pooled,mimic
0.0,0.270343295946723,sofa  ,4,4,pooled,mimic
0.0,0.26789285641991056,sofa  ,4,5,pooled,mimic
0.0,0.27301751738564595,sofa  ,4,6,pooled,mimic
0.0,0.26894395603360455,sofa  ,4,7,pooled,mimic
0.0,0.272694099197933,sofa  ,4,8,pooled,mimic
0.0,0.27298802395209576,sofa  ,4,9,pooled,mimic
